Date,CL Brent Price,CL WTI Price,Federal Fund Rate,ACTUAL_RELEASE_gdp_growth,CPI_growth,PCE_growth,NG Price,Unemployment Rate,NFP,Stock,Per End,P/E,P/B,D/E,PEG,Reported,Total Assets,Total Liabilities,Total Shareholders' Equity,Book Value per Share,ST Debt & Curr. Portion LT Debt,Long-Term Debt,Total Equity,Revenue,Operating Expenses,Net Income,Net Operating Cash Flow,Net Investing Cash Flow
MAR '24,87.48,83.17,5.33,1.4,0.4,0.34,1.763,3.8,158106,APA,MAR '24,38.853503184713375,3.522729110216376,1.4505885573501232,-873.7299984464815,0.785,14952,11299,2607,8.65806,121,5178,3653,1951,1389,132,368,-88
MAR '24,87.48,83.17,5.33,1.4,0.4,0.34,1.763,3.8,158106,BKR,MAR '24,75.61320754716982,2.07785541470585,0.3862379421221865,314.39175769612723,0.424,37141,21591,15391,15.42937,147,5859,15550,6418,6376,455,784,-269
MAR '24,87.48,83.17,5.33,1.4,0.4,0.34,1.763,3.8,158106,CHRD,MAR '24,5.686900958466454,0.24774219747165416,0.08393951896859578,137.0000160547138,5.321,7025.514,1950.336,5075.178,122.1431,13.691,412.317,5075.178,1085.26,826.3639999999999,198.566,406.698,-204.887
MAR '24,87.48,83.17,5.33,1.4,0.4,0.34,1.763,3.8,158106,CHX,MAR '24,64.22845691382766,3.5676438634299243,0.4126838896774019,512.5682738025066,0.499,3322.949,1627.775,1710.463,8.98352,28.999,670.572,1695.174,922.141,968.913,112.923,173.508,-10.794
MAR '24,87.48,83.17,5.33,1.4,0.4,0.34,1.763,3.8,158106,EXE,MAR '24,62.75449101796407,0.38544659578568585,0.19528178243774574,-61.05267431239216,0.501,14018,3336,10682,81.56772,61,2025,10682,922,1079,26,552,-374
MAR '24,87.48,83.17,5.33,1.4,0.4,0.34,1.763,3.8,158106,FANG,MAR '24,6.944996686547382,0.3307969776687841,0.36788945002497364,456.5039613067819,4.527,29690,11671,16950,95.04319,0,6629,18019,2227,1129,763,1334,-751
MAR '24,87.48,83.17,5.33,1.4,0.4,0.34,1.763,3.8,158106,GPRE,MAR '24,-36.123456790123456,2.1304651418477674,0.7776089766654674,93.36995187277674,-0.81,1799.435,898.967,887.454,13.73409,155.796,544.416,900.468,597.28,669.955,-51.412,-50.599,-30.203
MAR '24,87.48,83.17,5.33,1.4,0.4,0.34,1.763,3.8,158106,PTEN,MAR '24,211.80555555555557,2.59669938224096,0.27797301139323005,-640.5826558265585,0.144,7226.188,2474.331,4742.997,11.74568,48.053,1272.835,4751.857,1510.36,1492.5249999999999,51.235,365.891,-227.485
MAR '24,87.48,83.17,5.33,1.4,0.4,0.34,1.763,3.8,158106,VNOM,MAR '24,41.532364597093796,2.6625700576043307,0.38215635162321315,340.56538969616946,0.757,4012.566,1148.432,1079.545,11.80814,1,1093.547,2864.134,205.067,71.405,43.304,115.442,-20.345
MAR '24,87.48,83.17,5.33,1.4,0.4,0.34,1.763,3.8,158106,WFRD,MAR '24,21.67680865449628,2.1510469748134273,1.7281818181818183,108.30903701416133,1.479,5090,3990,1091,14.90437,148,1753,1100,1358,1325,112,131,-54
DEC '23,77.04,71.65,5.33,3.4,0.2,0.18,2.514,3.73,157304,APA,DEC '23,27.33913043478261,3.5948889460595153,1.4817122730967218,-89.73189840723202,1.15,15244,11553,2655,8.74575,118,5351,3691,2167,1287,1773,1030,-356
DEC '23,77.04,71.65,5.33,3.4,0.2,0.18,2.514,3.73,157304,BKR,DEC '23,49.51845906902087,2.00281887830457,0.43746375410786775,-285.17859560231307,0.623,36945,21426,15368,15.40329,368,6421,15519,6835,6654,439,932,-314
DEC '23,77.04,71.65,5.33,3.4,0.2,0.18,2.514,3.73,157304,CHRD,DEC '23,5.997710797405571,0.25546293760114613,0.08482487574419535,-83.49912740862457,5.242,7266.822,2190.198,5076.624,123.07069,14.174,416.45,5076.624,964.685,644.0959999999999,300.544,543.334,-317.988
DEC '23,77.04,71.65,5.33,3.4,0.2,0.18,2.514,3.73,157304,CHX,DEC '23,78.44736842105263,3.3977201878833263,0.4265958913470007,-2073.952302631576,0.38,3241.702,1580.671,1676.622,8.77353,41.218,667.371,1661.031,943.555,956.595,77.198,168.953,-29.142
DEC '23,77.04,71.65,5.33,3.4,0.2,0.18,2.514,3.73,157304,EXE,DEC '23,22.416787264833577,0.3776560723451528,0.1968496598005406,-119.16292177622056,1.382,14866,4137,10729,82.03231,84,2028,10729,1090,1249,569,470,105
DEC '23,77.04,71.65,5.33,3.4,0.2,0.18,2.514,3.73,157304,FANG,DEC '23,6.567733729065084,0.33304454422402613,0.3901893287435456,-102.98206487174063,4.717,29001,11571,16625,93.02059,160,6641,17430,2228,1035,955,1624,-1464
DEC '23,77.04,71.65,5.33,3.4,0.2,0.18,2.514,3.73,157304,GPRE,DEC '23,244.4,2.155164811908079,0.683304782759763,-80.93070175438596,0.125,2061.393,1071.337,843.733,14.17525,130.713,545.797,990.056,736.389158,732.297,7.233,111.732,-37.827
DEC '23,77.04,71.65,5.33,3.4,0.2,0.18,2.514,3.73,157304,PTEN,DEC '23,162.8415300546448,2.546316471249695,0.2791076613449428,-473.4930643127364,0.183,7420.031,2599.35,4812.292,11.70318,69.747,1275.742,4820.681,1584.317,1521.6619999999998,61.95,452.632,-203.954
DEC '23,77.04,71.65,5.33,3.4,0.2,0.18,2.514,3.73,157304,VNOM,DEC '23,50.870279146141215,2.631145355068734,0.37937410806584937,-356.7702244116036,0.609,3974.093,1116.539,1014.292,11.77434,1,1083.082,2857.554,202.214,65.29599999999999,56.936,145.795,-731.616
DEC '23,77.04,71.65,5.33,3.4,0.2,0.18,2.514,3.73,157304,WFRD,DEC '23,14.815533980582524,2.3781824358915418,2.234273318872017,252.60485436893225,2.06,5068,4146,924,12.83333,214,1846,922,1362,1338,140,375,-131
SEP '23,95.31,90.79,5.33,4.9,0.4,0.32,2.929,3.7,156667,APA,SEP '23,29.759579263711494,11.2729207992646,2.701471286188894,144.0783154661626,1.331,13545,11438,1078,3.51373,110,5582,2107,2308,1468,459,764,-667
SEP '23,95.31,90.79,5.33,4.9,0.4,0.32,2.929,3.7,156667,BKR,SEP '23,80.1171875,2.7072423021459286,0.4325430334524196,375.78776041666674,0.512,36550,21155,15250,15.15195,802,5857,15395,6641,6552,518,810,-89
SEP '23,95.31,90.79,5.33,4.9,0.4,0.32,2.929,3.7,156667,CHRD,SEP '23,7.494796594134342,0.3316697650980917,0.08726123828023964,-2284.590350047256,5.285,6912.538,1971.524,4941.014,119.42602,13.543,417.616,4941.014,1123.368,796.2149999999999,208.275,399.47,-254.029
SEP '23,95.31,90.79,5.33,4.9,0.4,0.32,2.929,3.7,156667,CHX,SEP '23,100.24449877750612,4.644260939500006,0.39383973535397115,-689.1809290953544,0.409,3311.204,1605.076,1721.479,8.8281,30.836,641.105,1706.128,939.783,972.5959999999999,77.711,163.03,-48.469
SEP '23,95.31,90.79,5.33,4.9,0.4,0.32,2.929,3.7,156667,EXE,SEP '23,36.34034766697164,0.5074586326033995,0.2052006232956759,101.79204911017327,1.093,14248,3980,10268,78.27239,75,2032,10268,1406,1459,70,506,-480
SEP '23,95.31,90.79,5.33,4.9,0.4,0.32,2.929,3.7,156667,FANG,SEP '23,7.330721880246222,0.43166102944455437,0.36681582666038626,-114.09145167801157,5.361,28049,11065,16280,91.04366,0,6230,16984,2340,986,907,1358,15
SEP '23,95.31,90.79,5.33,4.9,0.4,0.32,2.929,3.7,156667,GPRE,SEP '23,131.0891089108911,2.8543956399322186,0.7555290119200079,-18.620612061206124,0.303,1951.144,976.648,828.149,13.91538,185.018,551.242,974.496,889.908,903.475,22.311,113.047,-11.471
SEP '23,95.31,90.79,5.33,4.9,0.4,0.32,2.929,3.7,156667,PTEN,SEP '23,188.51485148514848,3.2756566581936575,0.27729342289325865,-836.3204320432043,0.202,7420.574,2560.96,4851.213,11.62515,67.476,1280.063,4859.614,1011.452,979.2969999999999,0.05,156.076,-571.424
SEP '23,95.31,90.79,5.33,4.9,0.4,0.32,2.929,3.7,156667,VNOM,SEP '23,27.14088397790055,3.9031773651467114,0.2797849973641504,-193.14210458692028,1.448,3143.366,724.791,713.485,10.06872,1,675.681,2418.575,195.614,52.32600000000001,78.453,239.728,-52.292
SEP '23,95.31,90.79,5.33,4.9,0.4,0.32,2.929,3.7,156667,WFRD,SEP '23,25.513378967019293,3.9784349419148497,2.833551769331586,137.104606598468,1.607,4895,4167,742,10.30556,134,2028,763,1313,1311,123,172,-36
JUN '23,74.9,70.64,5.08,2.1,0.2,0.26,2.798,3.57,156027,APA,JUN '23,45.84018801410106,16.90610847472318,3.347877358490566,126.09962982718588,0.851,13244,11548,709,2.30745,104,5574,1696,1796,1153,381,1000,-583
JUN '23,74.9,70.64,5.08,2.1,0.2,0.26,2.798,3.57,156027,BKR,JUN '23,100.07894736842105,2.537163473919187,0.4353295767265103,557.1061403508769,0.38,36093,20831,15125,14.98918,797,5847,15262,6315,6394,410,859,-185
JUN '23,74.9,70.64,5.08,2.1,0.2,0.26,2.798,3.57,156027,CHRD,JUN '23,10.422121293080417,0.33501461835127805,0.08838817570862131,34.323058939515036,3.743,6559.69,1740.12,4819.57,116.44268,10.4,415.593,4819.57,912.071,691.041,216.071,408.236,-616.701
JUN '23,74.9,70.64,5.08,2.1,0.2,0.26,2.798,3.57,156027,CHX,JUN '23,79.51417004048584,4.456950937230518,0.397462626772301,565.7237671732927,0.494,3329.838,1617.516,1730.031,8.8132,32.891,647.693,1712.322,926.6,963.421,95.797,115.91,-27.143
JUN '23,74.9,70.64,5.08,2.1,0.2,0.26,2.798,3.57,156027,EXE,JUN '23,62.098765432098766,0.5135854454173157,0.20402077722200845,246.0293944738388,0.648,14429,4033,10396,78.35113,85,2036,10396,1260,1393,391,515,453
JUN '23,74.9,70.64,5.08,2.1,0.2,0.26,2.798,3.57,156027,FANG,JUN '23,10.342273307790549,0.46654694765490734,0.4035899333826795,34.78846273236839,3.915,27587,11375,15554,86.78655,0,6543,16212,1919,922,551,1513,-595
JUN '23,74.9,70.64,5.08,2.1,0.2,0.26,2.798,3.57,156027,GPRE,JUN '23,-47.04494382022472,3.2038749516970126,0.8976823509589006,153.96527068437183,-0.89,2022.796,1096.944,777.948,13.06855,273.452,557.669,925.852,837.052,964.1540000000001,-52.604,-51.465,-22.178
JUN '23,74.9,70.64,5.08,2.1,0.2,0.26,2.798,3.57,156027,PTEN,JUN '23,94.09411764705884,4.835374774796561,0.4909099047826115,-212.43929654335963,0.425,3117.196,1397.027,1720.169,8.2703,4.753,839.695,1720.169,758.885,681.4129999999999,84.614,162.857,-125.867
JUN '23,74.9,70.64,5.08,2.1,0.2,0.26,2.798,3.57,156027,VNOM,JUN '23,-165.265306122449,4.327158396012474,0.28450027775712217,-169.64319502635496,-0.245,2967.038,680.868,666.293,9.35718,1,649.416,2286.17,158.197,50.70100000000001,30.494,145.426,-7.874
JUN '23,74.9,70.64,5.08,2.1,0.2,0.26,2.798,3.57,156027,WFRD,JUN '23,22.925840092699886,4.417117922648529,3.263392857142857,991.1017024690361,1.726,4648,3976,645,8.95833,75,2118,672,1274,1270,82,201,-58
MAR '23,79.77,75.67,4.65,2,0.1,0.29,2.216,3.5,155206,APA,MAR '23,28.570234113712377,23.74961772637549,4.145847871598046,-140.35474234503366,1.196,13213,11780,444,1.43876,145,5796,1433,2008,1157,242,335,-532
MAR '23,79.77,75.67,4.65,2,0.1,0.29,2.216,3.5,155206,BKR,MAR '23,135.15679442508713,2.667585432879177,0.44844770691629066,443.5915304207988,0.287,35042,20193,14714,14.54124,684,5975,14849,5716,5883,576,461,-229
MAR '23,79.77,75.67,4.65,2,0.1,0.29,2.216,3.5,155206,CHRD,MAR '23,7.595021115803513,0.2982639415043047,0.09004106128933288,-80.1676387487818,4.499,6615.403,1856.663,4758.74,114.56296,11.589,416.893,4758.74,896.517,598.5559999999999,296.999,468.811,-241.588
MAR '23,79.77,75.67,4.65,2,0.1,0.29,2.216,3.5,155206,CHX,MAR '23,105.72625698324023,4.437894104928936,0.41123443196466936,482.54548059017344,0.358,3327.336,1657.167,1688.707,8.52882,33.646,653.185,1670.169,948.347,984.6519999999999,63.532,92.378,-23.025
MAR '23,79.77,75.67,4.65,2,0.1,0.29,2.216,3.5,155206,EXE,MAR '23,15.178571428571427,0.4431250324198094,0.2066517553243217,-20.266634050880626,2.24,14591,4308,10283,76.72778,85,2040,10283,2105,1582,1389,889,395
MAR '23,79.77,75.67,4.65,2,0.1,0.29,2.216,3.5,155206,FANG,MAR '23,8.893709327548807,0.43334303364080723,0.4316814488618743,-88.30182832352027,4.149,27589,11466,15464,85.15194,10,6950,16123,1925,898,707,1425,-1279
MAR '23,79.77,75.67,4.65,2,0.1,0.29,2.216,3.5,155206,GPRE,MAR '23,-26.883333333333333,2.3328194284953963,0.8194909340549228,29.56421975992613,-1.2,2034.832,1061.795,822.988,13.82876,237.875,559.52,973.037,840.166,913.4570000000001,-70.324,-116.968,-35.42
MAR '23,79.77,75.67,4.65,2,0.1,0.29,2.216,3.5,155206,PTEN,MAR '23,77.22707423580785,4.398143254874701,0.5054708519107185,335.278517413995,0.458,3092.345,1419.388,1672.957,8.04203,5.045,840.586,1672.957,791.802,702.1070000000001,99.678,234.349,-116.345
MAR '23,79.77,75.67,4.65,2,0.1,0.29,2.216,3.5,155206,VNOM,MAR '23,44.78155339805825,3.9893746411995368,0.30367540441837215,-322.4271844660195,0.824,3019.736,727.308,667.066,9.24957,1,695.154,2292.428,161.085,49.40200000000001,33.895,107.243,-116.583
MAR '23,79.77,75.67,4.65,2,0.1,0.29,2.216,3.5,155206,WFRD,MAR '23,42.039397450753185,4.606984126984127,4.0290102389078495,129.16452550086478,0.863,4709,4123,567,7.875,164,2197,586,1186,1196,72,84,-64
DEC '22,85.91,80.26,4.1,2.6,0.1,0.36,4.475,3.57,154291,APA,DEC '22,25.681511470985157,28.03290883780539,4.2773234200743495,-105.89660285566715,1.482,13147,11802,423,1.35769,169,5584,1345,2472,1628,443,1413,-617
DEC '22,85.91,80.26,4.1,2.6,0.1,0.36,4.475,3.57,154291,BKR,DEC '22,109.83050847457628,3.170221167656196,0.509328743545611,-302.41003018342235,0.413,34181,19656,14394,14.30815,866,6532,14525,5905,5869,182,898,-984
DEC '22,85.91,80.26,4.1,2.6,0.1,0.36,4.475,3.57,154291,CHRD,DEC '22,7.480735032602253,0.3355535170635079,0.08958014854487309,-26.556174944423667,5.061,7027.979,2348.181,4679.798,112.8285,10.953,408.264,4679.798,1015.603,632.9370000000001,377.568,478.392,-356.863
DEC '22,85.91,80.26,4.1,2.6,0.1,0.36,4.475,3.57,154291,CHX,DEC '22,103.33333333333333,5.083884087442806,0.4378770759860841,-839.0666666666662,0.42,3387.483,1710.268,1694.55,8.53678,41.071,693.343,1677.215,985.855,1010.917,67.857,195.093,-26.463
DEC '22,85.91,80.26,4.1,2.6,0.1,0.36,4.475,3.57,154291,EXE,DEC '22,12.840755735492579,0.5619527014776138,0.34842174484875055,-30.468868621748754,2.964,15726,6602,9124,67.72812,86,3093,9124,3136,1916,3580,1050,-544
DEC '22,85.91,80.26,4.1,2.6,0.1,0.36,4.475,3.57,154291,FANG,DEC '22,7.136696043502719,0.45604241218397706,0.40656469088591457,-40.382126585614316,5.333,26209,10519,15009,83.45715,141,6238,15690,2030,779,999,1441,-1378
DEC '22,85.91,80.26,4.1,2.6,0.1,0.36,4.475,3.57,154291,GPRE,DEC '22,-63.81818181818181,2.7444405856630993,0.6700761309852544,-109.71481942714816,-0.66,2246.12,1185.054,910.031,15.34739,160.237,550.758,1061.066,921.612,953.5840000000001,-38.616,104.175,-14.968
DEC '22,85.91,80.26,4.1,2.6,0.1,0.36,4.475,3.57,154291,PTEN,DEC '22,94.43946188340806,5.400976330336637,0.5137449317721821,-694.804612427931,0.446,3143.823,1478.3,1665.523,7.79859,5.123,850.531,1665.523,788.476,708.275,100.097,302.941,-113.575
DEC '22,85.91,80.26,4.1,2.6,0.1,0.36,4.475,3.57,154291,VNOM,DEC '22,140.44280442804427,4.039246276220345,0.2489290444858444,-4736.752767527663,0.271,2920.373,598.848,690.01,9.42255,1,576.895,2321.525,186.148,47.203,22.38,186.555,27.96
DEC '22,85.91,80.26,4.1,2.6,0.1,0.36,4.475,3.57,154291,WFRD,DEC '22,51.03971962616822,5.7981131249162265,4.372050816696914,115.42828900071889,0.856,4720,4169,535,7.53521,89,2320,551,1209,1237,72,193,-32
SEP '22,87.96,79.49,2.56,3.2,0.4,0.44,6.766,3.53,153536,APA,SEP '22,22.445459157787926,23.858059645149112,3.6382978723404253,-74.9623303220693,1.971,13629,12078,600,1.8543,239,5404,1551,2887,1608,422,1104,-910
SEP '22,87.96,79.49,2.56,3.2,0.4,0.44,6.766,3.53,153536,BKR,SEP '22,159.9618320610687,2.969692975836435,0.4632143105728405,254.90691947796105,0.262,33165,18798,14144,14.11257,43,6612,14367,5369,5503,-17,597,-150
SEP '22,87.96,79.49,2.56,3.2,0.4,0.44,6.766,3.53,153536,CHRD,SEP '22,2.6655419654154366,0.41120209690761894,0.09394980286583222,-9.907523314119693,16.597,6555.135,2084.322,4470.813,107.587,11.87,408.162,4470.813,1188.843,753.605,941.609,783.643,-174.018
SEP '22,87.96,79.49,2.56,3.2,0.4,0.44,6.766,3.53,153536,CHX,SEP '22,67.76611694152923,5.265935571511289,0.4325534601586103,267.7588035250667,0.667,3402.78,1708.06,1710.686,8.58347,33.376,699.681,1694.72,1021.561,1060.305,23.068,187.152,-19.719
SEP '22,87.96,79.49,2.56,3.2,0.4,0.44,6.766,3.53,153536,EXE,SEP '22,9.447080668454714,0.8753606155014341,0.4337482275090594,-26.560577843947627,4.847,14089,7742,6347,52.30987,36,2717,6347,4193,2196,883,1313,-495
SEP '22,87.96,79.49,2.56,3.2,0.4,0.44,6.766,3.53,153536,FANG,SEP '22,7.60485481640805,0.6280255447804416,0.36797637038054676,-40.94137919587182,6.509,23843,9285,13843,78.81845,10,5347,14558,2437,814,1172,1925,-720
SEP '22,87.96,79.49,2.56,3.2,0.4,0.44,6.766,3.53,153536,GPRE,SEP '22,-37.2655634357762,2.914100883720042,0.6916245820734904,-3080.619910690807,-1.269,2101.54,988.306,962.042,16.22799,225.737,544.203,1113.234,951.492,1043.939,-73.526,72.175,-54.942
SEP '22,87.96,79.49,2.56,3.2,0.4,0.44,6.766,3.53,153536,PTEN,SEP '22,164.57142857142856,6.113092205807438,0.5377931148413624,130.22608695652173,0.28,3041.999,1407.614,1634.385,7.53792,5.421,873.54,1634.385,727.503,679.9649999999999,61.452,178.23,-121.458
SEP '22,87.96,79.49,2.56,3.2,0.4,0.44,6.766,3.53,153536,VNOM,SEP '22,126.92307692307692,5.075288573731126,0.2927383100100266,-543.635125936011,0.39,2985.757,694.844,723.254,9.75314,1,669.638,2290.913,219.909,50.376000000000005,79.167,214.221,-11.587
SEP '22,87.96,79.49,2.56,3.2,0.4,0.44,6.766,3.53,153536,WFRD,SEP '22,131.01449275362322,7.084328587460112,5.38135593220339,127.49732516292191,0.345,4707,4235,453,6.38028,60,2480,472,1120,1161,28,160,-29
JUN '22,114.81,105.76,1.21,-0.6,1.2,0.59,5.424,3.63,152348,APA,JUN '22,14.423963133640553,19.65541651443186,3.5920265780730896,-80.22898154477102,2.387,12924,11419,584,1.75168,246,5160,1505,3047,1522,926,1535,-450
JUN '22,114.81,105.76,1.21,-0.6,1.2,0.59,5.424,3.63,152348,BKR,JUN '22,364.5833333333333,2.3808438662999714,0.44140262495028504,2851.5625,0.096,33753,18667,14882,14.70067,34,6625,15086,5047,5322,-839,321,-164
JUN '22,114.81,105.76,1.21,-0.6,1.2,0.59,5.424,3.63,152348,CHRD,JUN '22,77.37078651685393,0.5650568700280576,0.3532546640669863,1383.2429553351787,0.445,3062.41,1864.314,1198.096,60.93192,27,396.233,1198.096,789.38,483.744,130.839,396.411,-180.984
JUN '22,114.81,105.76,1.21,-0.6,1.2,0.59,5.424,3.63,152348,CHX,JUN '22,121.29032258064517,3.796965569241886,0.443813916909064,440.1105990783411,0.279,3463.151,1670.296,1808.321,8.91238,37.126,758.568,1792.855,932.572,995.4109999999998,27.342,74.24,-20.743
JUN '22,114.81,105.76,1.21,-0.6,1.2,0.59,5.424,3.63,152348,EXE,JUN '22,7.510451505016722,0.7521930940174376,0.5321969696969697,46.161504989837496,4.784,13899,8091,5808,47.76699,45,3046,5808,4013,2207,1237,909,-415
JUN '22,114.81,105.76,1.21,-0.6,1.2,0.59,5.424,3.63,152348,FANG,JUN '22,5.277737065806829,0.47379122713901406,0.3791521890201529,-178.3659710403293,6.823,23448,9058,13316,76.00394,55,5401,14390,2768,829,1403,1707,-516
JUN '22,114.81,105.76,1.21,-0.6,1.2,0.59,5.424,3.63,152348,GPRE,JUN '22,49.21917808219178,2.077539102026656,0.8988942701915175,-16.494362628080356,0.73,2296.008,1214.279,931.173,17.2945,425.337,547.023,1081.729,1006.625,1010.9480000000001,46.398,55.899,-73.275
JUN '22,114.81,105.76,1.21,-0.6,1.2,0.59,5.424,3.63,152348,PTEN,JUN '22,502.7142857142856,4.841092747027797,0.574252846141791,-67.02857142857141,0.07,2959.977,1383.896,1576.081,7.26902,5.723,899.346,1576.081,622.238,620.858,21.886,51.343,-84.826
JUN '22,114.81,105.76,1.21,-0.6,1.2,0.59,5.424,3.63,152348,VNOM,JUN '22,80.92134831460673,3.721459936690742,0.29742597192129505,-309.9618897430842,0.445,2971.985,701.225,734.879,9.67631,1,674.383,2270.76,238.83,51.761,33.909,163.182,-0.759
JUN '22,114.81,105.76,1.21,-0.6,1.2,0.59,5.424,3.63,152348,WFRD,JUN '22,-86.25,5.286053770838528,5.303462321792261,47.65046296296296,-0.408,4735,4244,466,6.65714,117,2487,491,1064,1131,6,60,-2
MAR '22,107.91,100.28,0.2,-1.6,1.1,0.38,5.642,3.8,151370,APA,MAR '22,23.43182996371177,-854.6038948761582,7.041079812206573,228.78578422901913,1.929,12476,11624,-18,-0.05289,235,5764,852,2669,1450,1883,891,466
MAR '22,107.91,100.28,0.2,-1.6,1.1,0.38,5.642,3.8,151370,BKR,MAR '22,273.641975308642,2.77962403280621,0.4064571046391439,2123.461728395062,0.162,34994,18547,15704,15.9482,35,6650,16447,4835,5117,72,72,-266
MAR '22,107.91,100.28,0.2,-1.6,1.1,0.38,5.642,3.8,151370,CHRD,MAR '22,-3.2283408327976577,0.6134946009760536,0.29476692536493654,-33.09049353617604,-14.001,3007.948,1565.985,1441.963,73.67628,27.536,397.507,1441.963,652.969,386.987,-19.551,265.58,29.303
MAR '22,107.91,100.28,0.2,-1.6,1.1,0.38,5.642,3.8,151370,CHX,MAR '22,173.96396396396395,4.3808205814626175,0.46438118962269886,629.4332514332515,0.222,3571.718,1794.146,1792.231,8.8157,62.638,762.833,1777.572,865.96,937.8919999999999,36.702,-43.125,-21.064
MAR '22,107.91,100.28,0.2,-1.6,1.1,0.38,5.642,3.8,151370,EXE,MAR '22,23.677317967522264,1.0668340872372892,0.5207133568642022,41.30357692826929,1.909,13293,7910,5383,42.36835,29,2774,5383,2781,1732,-764,853,-1947
MAR '22,107.91,100.28,0.2,-1.6,1.1,0.38,5.642,3.8,151370,FANG,MAR '22,7.793129917482249,0.5658267137924198,0.42217730291654637,18.557912743774732,5.211,23331,9479,12743,71.77109,45,5803,13852,2408,776,779,1252,-716
MAR '22,107.91,100.28,0.2,-1.6,1.1,0.38,5.642,3.8,151370,GPRE,MAR '22,-35.008620689655174,2.4543963369600297,0.9312425487264137,24.33526072329689,-1.16,2252.501,1209.894,890.525,16.54582,362.75,608.17,1042.607,787.421,816.2340000000002,-61.474,-162.54,37.933
MAR '22,107.91,100.28,0.2,-1.6,1.1,0.38,5.642,3.8,151370,PTEN,MAR '22,-305.1145038167939,5.457668591028504,0.5563788649577376,351.5449717889147,-0.131,2888.964,1312.265,1576.699,7.32364,6.432,870.81,1576.699,509.375,555.317,-28.777,33.674,-93.368
MAR '22,107.91,100.28,0.2,-1.6,1.1,0.38,5.642,3.8,151370,VNOM,MAR '22,80.09861932938855,4.0610487325847915,0.3218959988871927,269.66535174227477,0.507,3001.085,758.109,769.653,9.99988,1,721.005,2242.976,193.089,45.187000000000005,16.541,135.838,31.957
MAR '22,107.91,100.28,0.2,-1.6,1.1,0.38,5.642,3.8,151370,WFRD,MAR '22,-64.05448717948718,7.0654076087917215,6.13849765258216,147.44178321678322,-0.624,4684,4258,396,5.65714,69,2546,426,938,1059,-80,-64,9
DEC '21,77.78,75.21,0.08,6.9,0.7,0.6,3.73,4.17,149763,APA,DEC '21,20.88829071332436,-6.751554119013543,-1552.2,48.269331130319394,1.486,13303,13308,-1595,-4.59746,314,7447,-5,2299,1535,382,1085,-291
DEC '21,77.78,75.21,0.08,6.9,0.7,0.6,3.73,4.17,149763,BKR,DEC '21,134.12017167381973,1.915458701790969,0.4506747880090768,-459.3615879828324,0.233,35308,18562,14830,16.31463,236,7311,16746,5519,5566,294,774,-251
DEC '21,77.78,75.21,0.08,6.9,0.7,0.6,3.73,4.17,149763,CHRD,DEC '21,7.298768939393939,0.5753554168042226,0.334264919083837,11.344741385089835,4.224,3041.708,1820.135,1032.9,53.58427,8.901,399.428,1221.573,521.577,300.99699999999996,188.2,269.39,-831.738
DEC '21,77.78,75.21,0.08,6.9,0.7,0.6,3.73,4.17,149763,CHX,DEC '21,127.59541984732824,3.830135824888436,0.48048659670171756,-874.4039066008086,0.262,3534.701,1780.394,1770.645,8.72815,67.245,775.676,1754.307,822.145,890.764,43.449,88.419,-29.251
DEC '21,77.78,75.21,0.08,6.9,0.7,0.6,3.73,4.17,149763,EXE,DEC '21,18.47213900539245,0.6410494997090014,0.40680655968964907,127.7405573565087,1.669,11009,5338,5671,48.09301,29,2278,5671,2785,1610,1434,563,-455
DEC '21,77.78,75.21,0.08,6.9,0.7,0.6,3.73,4.17,149763,FANG,DEC '21,8.709315375982042,0.45592274342110384,0.511362778406946,22.688641524293253,3.564,22898,9653,12088,68.08171,131,6642,13245,2022,762,1002,1167,-216
DEC '21,77.78,75.21,0.08,6.9,0.7,0.6,3.73,4.17,149763,GPRE,DEC '21,-217.45222929936307,1.9250569792055505,0.7162471790413777,111.51396374326312,-0.157,2265.947,1163.928,950.5,17.73454,225.517,563.801,1102.019,966.895,821.042,-9.568,32.118,-192.815
DEC '21,77.78,75.21,0.08,6.9,0.7,0.6,3.73,4.17,149763,PTEN,DEC '21,-20.377588306942755,4.472592339114999,0.5450941821835156,51.23507917174179,-1.642,2957.848,1348.361,1609.487,7.48112,6.891,870.431,1609.487,466.493,835.503,-364.359,44.414,-102.237
DEC '21,77.78,75.21,0.08,6.9,0.7,0.6,3.73,4.17,149763,VNOM,DEC '21,4434.285714285714,2.9948468180234973,0.34831478286728756,3055.0597228858096,0.007,3034.021,801.193,814.092,10.36447,1,776.727,2232.828,163.915,41.25300000000001,39.799,107.442,-274.448
DEC '21,77.78,75.21,0.08,6.9,0.7,0.6,3.73,4.17,149763,WFRD,DEC '21,-35.52631578947368,4.805082709710716,5.272177419354839,643.3143669985766,-0.912,4774,4278,472,6.74286,71,2544,496,965,1113,-161,88,-81
SEP '21,78.52,75.03,0.08,2.3,0.4,0.2,5.867,5.07,147706,APA,SEP '21,28.193877551020407,-9.538572010522465,15.45360824742268,51.616483516483505,0.98,13310,12825,-1095,-2.89666,302,7193,485,2059,1318,-113,771,-149
SEP '21,78.52,75.03,0.08,2.3,0.4,0.2,5.867,5.07,147706,BKR,SEP '21,150.82417582417582,1.6673419047057916,0.3970415590514205,537.9395604395604,0.182,35772,18736,14142,16.46333,56,6708,17036,5093,5303,8,416,-82
SEP '21,78.52,75.03,0.08,2.3,0.4,0.2,5.867,5.07,147706,CHRD,SEP '21,11.772475500639114,0.6080892374807455,0.9562657603232692,6.071135104575366,2.347,2999.512,1906.181,904.442,45.43741,1.914,1043.601,1093.331,368.977,243.367,41.755,294.383,-135.781
SEP '21,78.52,75.03,0.08,2.3,0.4,0.2,5.867,5.07,147706,CHX,SEP '21,181.75675675675674,3.1448305532563605,0.5120770999537316,501.2968613775067,0.148,3503.002,1791.25,1726.997,8.55372,60.806,815.743,1711.752,818.785,888.521,56.828,88.662,35.038
SEP '21,78.52,75.03,0.08,2.3,0.4,0.2,5.867,5.07,147706,EXE,SEP '21,10.380372765310003,0.882898365424807,0.41803818301514156,18.128723458174004,2.629,7326,4288,3038,30.90956,11,1259,3038,1634,1255,-345,443,-175
SEP '21,78.52,75.03,0.08,2.3,0.4,0.2,5.867,5.07,147706,FANG,SEP '21,9.295244611700308,0.427770811829335,0.5590887135726936,44.822664863328605,2.923,22639,10217,11483,63.51532,20,6925,12422,1910,783,649,1190,-416
SEP '21,78.52,75.03,0.08,2.3,0.4,0.2,5.867,5.07,147706,GPRE,SEP '21,-25.57607739665787,1.6043553724388517,0.6989839104237763,12.80931663293514,-1.137,2113.204,995.586,971.429,18.12566,213.713,567.484,1117.618,745.844,808.6510000000001,-59.622,2.34,-53.417
SEP '21,78.52,75.03,0.08,2.3,0.4,0.2,5.867,5.07,147706,PTEN,SEP '21,-62.11009174311926,2.966689380610472,0.5353615604600019,289.8470948012232,-0.436,3017.463,1291.818,1725.645,9.12802,5.942,917.902,1725.645,357.885,470.507,-82.998,7.401,-28.973
SEP '21,78.52,75.03,0.08,2.3,0.4,0.2,5.867,5.07,147706,VNOM,SEP '21,79.6774193548387,2.9801306343608953,0.3047020240829334,363.931996512642,0.341,2482.468,626.714,581.948,9.11705,1,564.452,1855.754,127.649,37.461,16.77,69.992,-5.909
SEP '21,78.52,75.03,0.08,2.3,0.4,0.2,5.867,5.07,147706,WFRD,SEP '21,-27.17,3.062640408592527,4.3894899536321486,65.09479166666668,-1.0,5148,4501,621,8.87143,274,2566,647,945,1057,-95,114,0
JUN '21,75.13,73.47,0.08,6.7,0.8,0.46,3.65,5.93,145822,APA,JUN '21,25.393419170243206,-6.9603748799090255,12.607503607503608,37.890703997483314,0.699,13512,12819,-964,-2.55015,317,8420,693,1756,1211,316,969,-126
JUN '21,75.13,73.47,0.08,6.7,0.8,0.46,3.65,5.93,145822,BKR,JUN '21,119.61038961038962,1.0980390286706219,0.3892528735632184,280.3368506493506,0.154,36669,19269,13890,16.77536,51,6722,17400,5142,5439,-68,506,44
JUN '21,75.13,73.47,0.08,6.7,0.8,0.46,3.65,5.93,145822,CHRD,JUN '21,7.967755621552821,0.4470974022402961,1.025882461172883,-20.86464283563724,2.357,2936.716,1914.943,836.067,42.00427,2.193,1046.026,1021.773,364.012,282.93800000000005,41.798,159.95,88.618
JUN '21,75.13,73.47,0.08,6.7,0.8,0.46,3.65,5.93,145822,CHX,JUN '21,148.75,2.293694027962829,0.5898230032484265,194.98310810810807,0.128,3486.01,1827.053,1674.315,8.30102,62.321,916.17,1658.957,749.172,865.703,7.25,60.924,-18.531
JUN '21,75.13,73.47,0.08,6.7,0.8,0.46,3.65,5.93,145822,EXE,JUN '21,21.60997732426304,0.5470272684196221,0.3747436273073542,44.24435537947308,0.882,6999,3586,3413,34.84287,18,1261,3413,1431,1139,-439,394,-147
JUN '21,75.13,73.47,0.08,6.7,0.8,0.46,3.65,5.93,145822,FANG,JUN '21,7.7293868921775895,0.30290858523794567,0.6190075693860387,27.360772787431898,2.365,22335,10445,10926,60.34824,0,7360,11890,1681,754,311,972,-329
JUN '21,75.13,73.47,0.08,6.7,0.8,0.46,3.65,5.93,145822,GPRE,JUN '21,47.97900262467192,1.0194566764373894,0.7794554480069237,139.57528036268195,0.381,1992.954,987.724,864.071,17.93112,193.07,590.462,1005.23,759.211,737.5810000000001,9.743,6.769,-32.375
JUN '21,75.13,73.47,0.08,6.7,0.8,0.46,3.65,5.93,145822,PTEN,JUN '21,-33.95017793594305,1.994891488567536,0.51190534801631,231.47848592688436,-0.562,3073.306,1265.589,1807.717,9.56443,6.334,919.046,1807.717,291.774,426.628,-103.309,35.575,-25.736
JUN '21,75.13,73.47,0.08,6.7,0.8,0.46,3.65,5.93,145822,VNOM,JUN '21,90.04926108374384,1.9805155407630837,0.2897529103605696,124.29334628460417,0.203,2450.162,603.14,595.758,9.22992,1,534.18,1847.022,113.458,36.454,4.607,75.021,-0.745
JUN '21,75.13,73.47,0.08,6.7,0.8,0.46,3.65,5.93,145822,WFRD,JUN '21,-15.800829875518671,1.835812419309584,3.731225296442688,61.22821576763483,-1.205,5160,4401,726,10.37143,78,2754,759,903,1074,-78,46,1
MAR '21,63.54,59.16,0.07,6.4,0.5,0.4,2.608,6.23,144274,APA,MAR '21,22.793478260869563,-6.300551636280601,25.642441860465116,-113.64860139860134,0.92,13127,12783,-1258,-3.32828,108,8713,344,1871,1401,388,671,-267
MAR '21,63.54,59.16,0.07,6.4,0.5,0.4,2.608,6.23,144274,BKR,MAR '21,126.02941176470588,1.0160830413724828,0.43732782369146006,346.5808823529413,0.136,36836,19412,13043,16.8687,887,6733,17424,4782,5115,-452,678,-174
MAR '21,63.54,59.16,0.07,6.4,0.5,0.4,2.608,6.23,144274,CHRD,MAR '21,7.394289844597037,0.4753878732875233,0.7051069487309292,22.491995363414745,2.767,2297.178,1335.175,864.777,43.03854,2.143,676.172,962.003,325.361,246.40600000000003,-82.788,190.413,-41.868
MAR '21,63.54,59.16,0.07,6.4,0.5,0.4,2.608,6.23,144274,CHX,MAR '21,211.23711340206182,2.5039930684974694,0.6417980168264067,234.19766920663372,0.097,3475.789,1846.683,1644.769,8.18293,63.225,982.332,1629.106,684.888,803.73,5.772,90.214,-24.667
MAR '21,63.54,59.16,0.07,6.4,0.5,0.4,2.608,6.23,144274,EXE,MAR '21,0.640506560321471,0.5307819472583372,0.3321308940994589,-2.6164910848506353,32.849,6904,3023,3881,39.63963,27,1262,3881,1467,1113,5678,388,-139
MAR '21,63.54,59.16,0.07,6.4,0.5,0.4,2.608,6.23,144274,FANG,MAR '21,8.942307692307693,0.3469439595632237,0.6570545829042225,46.52038132807363,2.288,21996,10344,10673,58.97206,191,7465,11652,1184,559,220,624,-587
MAR '21,63.54,59.16,0.07,6.4,0.5,0.4,2.608,6.23,144274,GPRE,MAR '21,-42.27272727272727,1.159681841343508,0.9133172338948583,82.39599383667179,-0.484,1944.626,1024.097,787.568,17.64277,251.173,589.562,920.529,609.622,575.1270000000001,-6.545,-36.981,42.322
MAR '21,63.54,59.16,0.07,6.4,0.5,0.4,2.608,6.23,144274,PTEN,MAR '21,-36.027874564459935,2.0309613577192733,0.4843259876599382,533.7814047313416,-0.574,3171.842,1259.696,1912.146,10.18237,6.916,919.186,1912.146,240.929,381.373,-106.413,8.622,-15.915
MAR '21,63.54,59.16,0.07,6.4,0.5,0.4,2.608,6.23,144274,VNOM,MAR '21,79.61089494163424,2.17072094247059,0.28643249490010475,-7881.478599221826,0.257,2441.804,591.766,612.178,9.42544,1,528.911,1850.038,96.512,35.977000000000004,-3.044,54.659,-0.074
MAR '21,63.54,59.16,0.07,6.4,0.5,0.4,2.608,6.23,144274,WFRD,MAR '21,-12.632530120481928,1.865183769966005,3.4579780755176612,,-1.66,5295,4474,787,11.24286,78,2761,821,832,1033,-116,74,-3
DEC '20,51.8,48.52,0.09,4.3,0.4,0.31,2.539,6.73,142518,APA,DEC '20,-1300.625,-4.792810553856358,-244.13513513513513,181.99336550060315,-0.016,12746,12783,-1639,-4.34192,118,8915,-37,1219,1144,10,498,-190
DEC '20,51.8,48.52,0.09,4.3,0.4,0.31,2.539,6.73,142518,BKR,DEC '20,37.990867579908674,0.9344109757350766,0.46277820414428245,-105.39401973781116,0.438,38007,19765,12893,17.80801,1107,7335,18242,5495,5608,653,377,-67
DEC '20,51.8,48.52,0.09,4.3,0.4,0.31,2.539,6.73,142518,CHRD,DEC '20,3.6289926289926284,0.32400945133595216,0.2629018927877765,-11.322626186262548,4.07,2226.579,1213.84,915.942,45.58509,3.267,262.984,1012.739,127.241,290.566,526.541,136.026,-49.919
DEC '20,51.8,48.52,0.09,4.3,0.4,0.31,2.539,6.73,142518,CHX,DEC '20,282.1428571428571,2.4341755786251036,0.6560408043036757,-1880.9523809523805,0.07,3475.776,1863.201,1625.971,8.11363,64.41,993.505,1612.575,706.122,794.7030000000001,7.357,124.964,-12.584
DEC '20,51.8,48.52,0.09,4.3,0.4,0.31,2.539,6.73,142518,EXE,DEC '20,1.854279471834331,-0.027383286911039962,-0.3673469387755102,-0.9313662328484082,10.527,6584,11925,-5341,-712.84357,1962,0,-5341,1196,1083,-416,9,-34
DEC '20,51.8,48.52,0.09,4.3,0.4,0.31,2.539,6.73,142518,FANG,DEC '20,18.188751191611058,0.3429977935246762,0.6048551611587107,15.057154389852196,1.049,17619,7815,8794,55.62718,306,5624,9804,769,517,-739,376,-219
DEC '20,51.8,48.52,0.09,4.3,0.4,0.31,2.539,6.73,142518,GPRE,DEC '20,-79.76851851851852,0.9497937795397994,0.7604446710546646,-444.42460317460313,-0.216,1698.275,921.611,646.852,18.14078,253.762,336.848,776.664,501.544,538.354,-49.63,22.447,78.022
DEC '20,51.8,48.52,0.09,4.3,0.4,0.31,2.539,6.73,142518,PTEN,DEC '20,-27.8974358974359,1.5188360801744427,0.46015419191601037,289.66837606837595,-0.585,3708.893,1692.834,2016.059,10.74507,7.096,920.602,2016.059,220.801,365.66999999999996,-106.527,-4.866,-7.604
DEC '20,51.8,48.52,0.09,4.3,0.4,0.31,2.539,6.73,142518,VNOM,DEC '20,33.01038062283737,1.979355775714508,0.2991369993975816,-6.223268478075896,0.578,2461.375,600.542,634.446,9.6395,1,555.644,1860.833,75.124,37.845000000000006,-27.637,53.35,40.865
DEC '20,51.8,48.52,0.09,4.3,0.4,0.31,2.539,6.73,142518,WFRD,DEC '20,-12.493315508021391,1.44244794761807,3.054429028815368,,-1.496,5434,4497,907,12.95714,84,2778,937,842,1046,-200,22,14
SEP '20,40.95,40.22,0.09,33.4,0.2,0.15,2.527,8.8,141820,APA,SEP '20,-64.21428571428571,-2.067864602022321,-244.43243243243242,95.25119047619047,-0.14,12875,12912,-1641,-4.34748,294,8750,-37,1120,984,-4,304,-359
SEP '20,40.95,40.22,0.09,33.4,0.2,0.15,2.527,8.8,141820,BKR,SEP '20,34.60076045627376,0.5382058110850289,0.445764971882428,9.81215595028659,0.263,37339,20090,11582,16.90803,935,6754,17249,5049,5494,-170,219,-114
SEP '20,40.95,40.22,0.09,33.4,0.2,0.15,2.527,8.8,141820,CHRD,SEP '20,41.91588785046729,-3.5539531290239506,-1.3337266571704818,,0.214,2506.777,3144.928,-810.015,-2.52395,362.646,488.473,-638.151,271.059,256.914,-55.699,95.01,60.069
SEP '20,40.95,40.22,0.09,33.4,0.2,0.15,2.527,8.8,141820,CHX,SEP '20,338.69565217391306,0.9730506198669705,0.7158172092366358,-172.1240199572345,0.023,3453.732,1867.7,1599.549,8.00575,65.358,1069.951,1586.032,633.526,738.5350000000001,-7.914,111.399,-4.618
SEP '20,40.95,40.22,0.09,33.4,0.2,0.15,2.527,8.8,141820,EXE,SEP '20,-0.8319112627986348,-0.01451204045391281,-0.3921528766009352,,-11.72,6903,11822,-4940,-671.8559,1929,0,-4919,1120,1106,-745,382,-102
SEP '20,40.95,40.22,0.09,33.4,0.2,0.15,2.527,8.8,141820,FANG,SEP '20,14.178628389154706,0.14691009564855273,0.5480363670447089,10.98387306541813,0.627,18760,8091,9552,60.5132,191,5656,10669,720,544,-1113,569,-347
SEP '20,40.95,40.22,0.09,33.4,0.2,0.15,2.527,8.8,141820,GPRE,SEP '20,-8.594646271510516,0.46749067748707385,0.7293477111087605,-22.73163453119135,-1.046,1537.42,733.865,685.626,19.23033,195.655,390.416,803.555,445.19,463.26900000000006,-34.486,10.511,-21.495
SEP '20,40.95,40.22,0.09,33.4,0.2,0.15,2.527,8.8,141820,PTEN,SEP '20,-15.733333333333333,0.8349711386565102,0.4697071990783006,-1944.639999999983,-0.6,3491.225,1371.662,2119.563,11.30578,7.47,988.104,2119.563,207.141,344.12800000000004,-112.111,63.952,-3.036
SEP '20,40.95,40.22,0.09,33.4,0.2,0.15,2.527,8.8,141820,VNOM,SEP '20,115.45454545454547,0.8300653594771241,0.3066235771658413,-175.80578512396696,0.077,2600.7,647.556,726.68,10.71,1,597.88,1953.144,62.584,33.451,-0.766,27.343,8.124
SEP '20,40.95,40.22,0.09,33.4,0.2,0.15,2.527,8.8,141820,WFRD,SEP '20,-4.76788640087384,0.5621895641388743,2.5547640249332146,-1.7145601343043857,-1.831,5664,4541,1087,15.52857,84,2785,1123,807,1012,-174,127,-3
JUN '20,41.15,39.27,0.08,-31.4,0.5,0.15,1.751,13,137655,APA,JUN '20,-18.905817174515235,-3.151260504201681,-203.1818181818182,29.260387811634345,-0.722,12999,13043,-1635,-4.3316,417,8523,-44,752,1087,-386,84,-408
JUN '20,41.15,39.27,0.08,-31.4,0.5,0.15,1.751,13,137655,BKR,JUN '20,-81.06145251396649,0.844504146276732,0.43837176202675776,11.053834433722702,-0.179,37523,19958,11254,17.18168,934,6766,17565,4736,5245,-195,230,-119
JUN '20,41.15,39.27,0.08,-31.4,0.5,0.15,1.751,13,137655,CHRD,JUN '20,141.2173913043478,-6.866836646243747,-4.7163334808132085,,0.115,2625.626,3215.537,-759.124,-2.36499,3.435,2778.782,-589.911,166.352,211.65299999999996,-92.943,-47.88,18.334
JUN '20,41.15,39.27,0.08,-31.4,0.5,0.15,1.751,13,137655,CHX,JUN '20,-36.90909090909091,2.0296219829056836,0.7723243022196193,44.51162790697674,-0.44,3520.833,1936.237,1598.698,8.00149,66.427,1157.395,1584.596,298.914,512.449,-109.645,45.739,46.078
JUN '20,41.15,39.27,0.08,-31.4,0.5,0.15,1.751,13,137655,EXE,JUN '20,0.725846002942619,-0.02726398781574394,-0.46060171919770776,,22.429,6553,10741,-4209,-597.12468,1929,0,-4188,680,1140,-276,376,-345
JUN '20,41.15,39.27,0.08,-31.4,0.5,0.15,1.751,13,137655,FANG,JUN '20,55.15789473684211,0.23156567118470145,0.502915082382763,4.280911233307148,0.285,20337,8502,10714,67.88571,0,5952,11835,425,577,-2393,324,-612
JUN '20,41.15,39.27,0.08,-31.4,0.5,0.15,1.751,13,137655,GPRE,JUN '20,-39.3984962406015,0.7555767040129199,0.6565492785236857,66.00893642220109,-0.399,1571.075,713.805,741.779,20.8053,182.756,380.084,857.27,403.616,437.23400000000004,-8.214,48.16,-28.089
JUN '20,41.15,39.27,0.08,-31.4,0.5,0.15,1.751,13,137655,PTEN,JUN '20,-25.46902654867257,1.2088617378038535,0.44843515085875235,-159.70577824049994,-0.565,3624.805,1395.932,2228.873,11.90376,8.809,990.696,2228.873,250.38,395.75800000000004,-150.332,145.897,-46.688
JUN '20,41.15,39.27,0.08,-31.4,0.5,0.15,1.751,13,137655,VNOM,JUN '20,80.61538461538461,1.4622412474815407,0.32527008964787263,-209.21611721611725,0.195,2624.273,682.788,729.229,10.75062,1,630.507,1941.485,32.444,29.258,-21.756,19.752,-0.646
JUN '20,41.15,39.27,0.08,-31.4,0.5,0.15,1.751,13,137655,WFRD,JUN '20,-5.458823529411764,0.8972375690607733,1.8758620689655172,100.33837535013988,-2.975,5409,4104,1267,18.1,105,2343,1305,821,1078,-581,31,-39
MAR '20,22.74,20.48,0.65,-5,-0.4,-0.08,1.64,3.83,150898,APA,MAR '20,29.769230769230766,-3.5167644555376163,26.127536231884058,13.508003557136504,0.39,13391,13046,-1246,-3.30133,678,8336,345,1344,1278,-4480,502,-509
MAR '20,22.74,20.48,0.65,-5,-0.4,-0.08,1.64,3.83,150898,BKR,MAR '20,1.0513392857142856,0.5371123539832697,0.3611342785654712,-0.9934673984272607,8.96,37229,19244,11470,17.53823,210,6285,17985,5425,6075,-10227,478,-318
MAR '20,22.74,20.48,0.65,-5,-0.4,-0.08,1.64,3.83,150898,CHRD,MAR '20,-10.642857142857142,-5.760151542241917,-5.608090998693837,,-1.12,2869.835,3369.007,-670.739,-2.06939,4.301,2795.101,-499.172,387.798,469.04799999999994,-4310.861,107.775,-130.768
MAR '20,22.74,20.48,0.65,-5,-0.4,-0.08,1.64,3.83,150898,CHX,MAR '20,55.851063829787236,2.093155381901183,1.4382784340316195,-8.70237506185057,0.188,1245.242,852.948,388.767,5.01635,4.696,559.532,392.294,261.434,331.88800000000003,-633.728,27.938,-6.746
MAR '20,22.74,20.48,0.65,-5,-0.4,-0.08,1.64,3.83,150898,EXE,MAR '20,-44.72118959107806,-0.0211081042346612,-2.442150866462793,,-0.269,7808,11732,-3945,-569.92328,420,9163,-3924,1618,2222,-8297,397,-511
MAR '20,22.74,20.48,0.65,-5,-0.4,-0.08,1.64,3.83,150898,FANG,MAR '20,8.334485141672426,0.14839069917612402,0.3965493154512434,-8.504576675175946,1.447,23386,9070,12826,81.27194,0,5677,14316,899,714,-272,849,-923
MAR '20,22.74,20.48,0.65,-5,-0.4,-0.08,1.64,3.83,150898,GPRE,MAR '20,-20.133555926544243,0.5588088382614466,0.6834776383965094,67.56226820988,-0.599,1638.098,758.018,766.02,21.58162,313.922,287.593,880.08,578.644,679.6840000000001,-16.445,17.777,-39.89
MAR '20,22.74,20.48,0.65,-5,-0.4,-0.08,1.64,3.83,150898,PTEN,MAR '20,-23.127753303964756,0.8225481601947794,0.42110889392671297,-143.4545779259436,-0.454,3870.284,1491.391,2378.893,12.76521,9.493,992.28,2378.893,445.927,577.122,-434.722,73.291,-67.648
MAR '20,22.74,20.48,0.65,-5,-0.4,-0.08,1.64,3.83,150898,VNOM,MAR '20,36.65653495440729,1.079909738887496,0.3341629119566348,3.702680298424979,0.329,2679.481,689.314,757.513,11.1676,1,664.04,1990.167,76.829,36.120999999999995,-142.189,96.111,-64.626
MAR '20,22.74,20.48,0.65,-5,-0.4,-0.08,1.64,3.83,150898,WFRD,MAR '20,-7.006406523005241,0.4629467503485569,1.3150831991411702,-86.25128030044367,-1.717,6165,4302,1819,25.98571,105,2345,1863,1215,1442,-966,30,-47
DEC '19,66,61.06,1.55,2.1,0.3,0.22,2.189,3.6,151792,APA,DEC '19,37.87596899224806,2.8224925971668786,1.7792828685258963,8.5812742248062,0.645,18107,13087,3255,8.65547,180,8752,5020,1625,1918,-2976,778,-52
DEC '19,66,61.06,1.55,2.1,0.3,0.22,2.189,3.6,151792,BKR,DEC '19,87.45042492917848,0.9150212882503798,0.2163540972202093,-130.34277620396603,0.353,53369,18870,21929,33.73692,522,6942,34499,6347,6533,48,1357,-386
DEC '19,66,61.06,1.55,2.1,0.3,0.22,2.189,3.6,151792,CHRD,DEC '19,-728.5714285714286,2.252773561802855,0.7146163972040204,,-0.035,7701.748,3864.667,3636.138,11.31938,8.595,2733.446,3837.081,483.864,474.66600000000005,-76.406,252.959,-157.94
DEC '19,66,61.06,1.55,2.1,0.3,0.22,2.189,3.6,151792,CHX,DEC '19,254.76190476190476,2.006974517800926,0.5710258691737422,-491.8320105820106,0.105,1942.374,906.16,1032.96,13.32852,12.465,579.24,1036.214,247.748,305.608,-1.823,32.509,-6.547
DEC '19,66,61.06,1.55,2.1,0.3,0.22,2.189,3.6,151792,EXE,DEC '19,-111.04545454545455,0.08712354950256306,2.1588275391956375,,-0.22,16193,11792,4364,280.40639,403,9098,4401,2052,2115,-324,441,-545
DEC '19,66,61.06,1.55,2.1,0.3,0.22,2.189,3.6,151792,FANG,DEC '19,14.61018711018711,0.33735041551346273,0.361331007647927,-52.5966735966736,1.924,23531,8625,13249,83.32582,8,5378,14906,1104,733,-487,887,-1144
DEC '19,66,61.06,1.55,2.1,0.3,0.22,2.189,3.6,151792,GPRE,DEC '19,-23.058532563891177,1.340346391128124,0.7157136484353152,-24.780746614306288,-1.213,1827.017,961.731,751.905,20.86774,336.993,282.304,865.286,712.945,752.1859999999999,-39.749,-9.168,-2.424
DEC '19,66,61.06,1.55,2.1,0.3,0.22,2.189,3.6,151792,PTEN,DEC '19,-74.2051282051282,1.9612786398187003,0.35400618290384733,-620.9000523286232,-0.39,4439.615,1605.995,2833.62,14.75568,9.935,993.184,2833.62,492.297,613.0989999999999,-85.923,112.362,-50.897
DEC '19,66,61.06,1.55,2.1,0.3,0.22,2.189,3.6,151792,VNOM,DEC '19,1126.8,2.053313254548887,0.268952421044925,-1048.55,0.025,2785.626,600.206,930.246,13.71929,1,586.774,2185.42,91.861,37.565999999999995,2.291,72.463,-203.376
DEC '19,66,61.06,1.55,2.1,0.3,0.22,2.189,3.6,151792,WFRD,DEC '19,-84.0,0.1327083241174775,0.8422496570644719,-82.60000000000001,-0.065,7293,4377,2880,41.14286,92,2364,2916,1246,1449,5253,-7,-75
SEP '19,60.78,54.07,2.04,2.1,0.2,0.07,2.33,3.6,151358,APA,SEP '19,-55.916230366492144,1.274691934530008,1.0363982395622695,81.05686107390721,-0.382,21405,12998,6301,16.75699,168,8545,8407,1438,1406,-170,635,-1562
SEP '19,60.78,54.07,2.04,2.1,0.2,0.07,2.33,3.6,151358,BKR,SEP '19,112.42105263157895,0.6336917528697099,0.22714600998954582,350.57617728531847,0.19,52549,18113,21876,33.70724,882,6940,34436,5882,6119,57,360,-96
SEP '19,60.78,54.07,2.04,2.1,0.2,0.07,2.33,3.6,151358,CHRD,SEP '19,-146.99386503067484,2.0779292862278216,0.725371256629743,,-0.163,7666.977,3767.316,3705.326,11.53071,10.748,2817.954,3899.661,482.743,486.41,20.288,250.962,-143.163
SEP '19,60.78,54.07,2.04,2.1,0.2,0.07,2.33,3.6,151358,CHX,SEP '19,98.08333333333333,1.7562079039800416,0.5926084126987173,-172.17889492753625,0.24,1972.253,930.447,1038.801,13.40388,12.045,605.338,1041.806,276.839,318.75,11.394,64.089,-20.922
SEP '19,60.78,54.07,2.04,2.1,0.2,0.07,2.33,3.6,151358,EXE,SEP '19,-185.73643410852713,0.07616103621730638,1.982259767687434,,-0.129,16579,11844,4696,314.59656,226,9160,4735,1920,2083,-61,329,-563
SEP '19,60.78,54.07,2.04,2.1,0.2,0.07,2.33,3.6,151358,FANG,SEP '19,16.321525885558582,0.27480209317534277,0.3073794305636258,313.7767504515815,1.468,23553,8064,14050,87.19002,0,4761,15489,975,644,368,809,-972
SEP '19,60.78,54.07,2.04,2.1,0.2,0.07,2.33,3.6,151358,GPRE,SEP '19,-20.834782608695654,1.1034721608158693,0.650360412240116,38.13032329988852,-1.15,1692.071,785.609,792.954,21.71328,299.096,290.431,906.462,617.811,698.7220000000001,-42.363,31.845,53.38
SEP '19,60.78,54.07,2.04,2.1,0.2,0.07,2.33,3.6,151358,PTEN,SEP '19,-73.0503144654088,1.5353713741474657,0.33951503676877837,-206.86210544877449,-0.318,4609.093,1666.107,2942.986,15.12989,8.884,990.304,2942.986,598.452,922.8249999999999,-261.719,218.542,-67.11
SEP '19,60.78,54.07,2.04,2.1,0.2,0.07,2.33,3.6,151358,VNOM,SEP '19,91.11570247933885,1.7806253426997187,0.2578407454957954,587.1900826446282,0.242,2006.938,414.87,775.805,12.38329,1,409.5,1592.068,71.08,27.038,7.946,62.508,-188.75
SEP '19,60.78,54.07,2.04,2.1,0.2,0.07,2.33,3.6,151358,WFRD,SEP '19,-185.7391304347826,-0.002825745098480213,-0.39241960183767227,,-0.115,6324,11548,-5262,-7559.06823,1796,254,-5224,1314,1506,-821,-201,-13
JUN '19,66.55,58.47,2.38,2,0,0.18,2.308,3.63,150844,APA,JUN '19,60.14778325123153,1.4014419586672184,1.0003458213256484,-15.865753849734302,0.406,21806,13131,6551,17.42491,347,8331,8675,1616,1407,-360,856,-283
JUN '19,66.55,58.47,2.38,2,0,0.18,2.308,3.63,150844,BKR,JUN '19,120.29556650246306,0.7246791840504107,0.22940686006727812,461.54217351965445,0.203,52876,18095,17388,33.69767,1082,6897,34781,5994,6318,-9,593,-307
JUN '19,66.55,58.47,2.38,2,0,0.18,2.308,3.63,150844,CHRD,JUN '19,498.26086956521743,2.0066011223658986,0.7580216828942665,,0.046,7710.288,3843.83,3676.772,11.4223,11.067,2919.792,3866.458,529.405,488.459,42.757,214.006,-303.651
JUN '19,66.55,58.47,2.38,2,0,0.18,2.308,3.63,150844,CHX,JUN '19,74.0,1.8672146038929052,0.6244498355685606,-2729.7777777777774,0.335,1975.438,943.701,1028.926,13.27646,12.871,631.397,1031.737,306.17,329.783,22.937,39.391,-15.164
JUN '19,66.55,58.47,2.38,2,0,0.18,2.308,3.63,150844,EXE,JUN '19,-352.61538461538464,0.07407519446677689,2.299763593380615,,-0.065,16540,12310,4191,309.41532,12,9716,4230,2111,2190,98,397,-516
JUN '19,66.55,58.47,2.38,2,0,0.18,2.308,3.63,150844,FANG,JUN '19,13.546099290780143,0.2683315397734776,0.28944983818770226,-477.09361702127813,1.692,23171,7721,14004,85.41672,0,4472,15450,1021,631,349,666,-835
JUN '19,66.55,58.47,2.38,2,0,0.18,2.308,3.63,150844,GPRE,JUN '19,-19.703389830508474,1.0098943585346498,0.9616267869459689,-51.956709489366304,-1.18,2140.727,1146.153,879.129,23.02221,541.421,414.988,994.574,642.219,707.084,-47.281,-11.426,-12.658
JUN '19,66.55,58.47,2.38,2,0,0.18,2.308,3.63,150844,PTEN,JUN '19,-118.52941176470588,1.492859832933056,0.351089326180463,-263.53879849812256,-0.204,5191.783,1913.472,3278.311,16.1971,8.977,1142.003,3278.311,675.765,753.6780000000001,-49.447,181.467,-87.457
JUN '19,66.55,58.47,2.38,2,0,0.18,2.308,3.63,150844,VNOM,JUN '19,634.2105263157895,1.8940346553328473,0.13310133593842052,1301.8005540166205,0.038,1820.433,216.392,796.893,12.72416,1,212.5,1604.041,70.442,24.346999999999998,2.265,55.269,-56.523
JUN '19,66.55,58.47,2.38,2,0,0.18,2.308,3.63,150844,WFRD,JUN '19,-119.23076923076923,-0.003656740369178405,-1.9594440647072227,,-0.195,6381,10770,-4426,-6358.12162,1025,7575,-4389,1309,1549,-316,-229,187
MAR '19,68.39,60.14,2.41,3.1,0.4,0.09,2.662,3.87,150294,APA,MAR '19,273.3620689655172,1.7055539419756673,1.024509234522012,-583.790181180596,0.116,21751,13142,6989,18.5922,526,8294,8609,1654,1441,-47,598,-938
MAR '19,68.39,60.14,2.41,3.1,0.4,0.09,2.662,3.87,150294,BKR,MAR '19,230.13986013986013,0.9678307299049401,0.22929373539303427,556.5200254291165,0.143,53129,18043,17512,34.00388,1100,6945,35086,5615,6050,32,-184,-256
MAR '19,68.39,60.14,2.41,3.1,0.4,0.09,2.662,3.87,150294,CHRD,MAR '19,-693.409090909091,2.710720539905165,0.7423229562846763,,-0.044,7646.346,3835.211,3624.786,11.25531,15.62,2813.473,3811.135,575.732,556.1960000000001,-114.882,174.926,-224.002
MAR '19,68.39,60.14,2.41,3.1,0.4,0.09,2.662,3.87,150294,CHX,MAR '19,122.79850746268654,2.541010567083142,0.6628263146846956,1387.168325041459,0.268,1988.609,983.406,1002.449,12.95154,11.535,654.74,1005.203,300.494,325.252,19.656,19.91,-7.243
MAR '19,68.39,60.14,2.41,3.1,0.4,0.09,2.662,3.87,150294,EXE,MAR '19,-360.1176470588235,0.10270309444658432,2.3153697438376026,,-0.085,16637,12499,4097,298.0436,399,9182,4138,2497,2419,-21,456,-856
MAR '19,68.39,60.14,2.41,3.1,0.4,0.09,2.662,3.87,150294,FANG,MAR '19,21.997116077865897,0.36465715593951925,0.321758302328786,75.08789999512125,1.387,22268,7754,13773,83.66763,0,4670,14514,864,571,10,377,-937
MAR '19,68.39,60.14,2.41,3.1,0.4,0.09,2.662,3.87,150294,GPRE,MAR '19,-32.22105263157895,1.3950255785072176,0.921007572716342,196.90643274853795,-0.95,2147.58,1123.773,908.117,21.94225,599.482,343.452,1023.807,451.465,501.395,-38.33,-20.783,-7.654
MAR '19,68.39,60.14,2.41,3.1,0.4,0.09,2.662,3.87,150294,PTEN,MAR '19,-192.42937853107347,2.084045912645068,0.33864855676830813,-19916.440677966017,-0.177,5367.752,1964.383,3403.369,16.34321,9.217,1143.329,3403.369,704.171,770.1999999999999,-28.614,183.832,-96.3
MAR '19,68.39,60.14,2.41,3.1,0.4,0.09,2.662,3.87,150294,VNOM,MAR '19,27.84263959390863,2.5196688828932015,0.0982793646923296,189.3299492385788,1.182,1767.442,159.78,818.004,13.06124,1,157,1607.662,60.428,23.281,33.779,46.451,-81.923
MAR '19,68.39,60.14,2.41,3.1,0.4,0.09,2.662,3.87,150294,WFRD,MAR '19,-289.0740740740741,-0.0052326893309604435,-2.0014612761811983,,-0.108,6519,10625,-4145,-5966.3393,612,7606,-4106,1346,1580,-481,-249,36
DEC '18,53.8,45.41,2.27,2.2,0.1,0.17,2.94,3.83,149804,APA,DEC '18,90.94850948509486,1.7636471129212379,0.9310031774852474,-194.18735808979716,0.369,21582,12770,7130,19.02875,150,8054,8812,1703,1555,-381,1043,-1104
DEC '18,53.8,45.41,2.27,2.2,0.1,0.17,2.94,3.83,149804,BKR,DEC '18,209.04458598726114,0.9640230249350636,0.2064090480678605,-424.57117464079397,0.157,52439,17426,17465,34.04483,942,6285,35013,6264,6536,131,1089,-374
DEC '18,53.8,45.41,2.27,2.2,0.1,0.17,2.94,3.83,149804,CHRD,DEC '18,-675.3061224489796,2.8209622473580653,0.6979739109133221,,-0.049,7810.316,3891.436,3734.576,11.73004,0,2735.276,3918.88,599.755,550.18,221.977,234.42,-359.833
DEC '18,53.8,45.41,2.27,2.2,0.1,0.17,2.94,3.83,149804,CHX,DEC '18,90.2710027100271,2.6483084535977564,0.6839535114853436,-978.4211906635184,0.369,1973.116,997.133,973.525,12.57784,4.32,663.207,975.983,313.133,345.1600000000001,23.187,71.094,-9.396
DEC '18,53.8,45.41,2.27,2.2,0.1,0.17,2.94,3.83,149804,EXE,DEC '18,-745.7777777777778,0.3628900189133174,3.6202531645569622,,-0.045,12735,10602,2092,92.47981,381,7341,2133,2618,2418,603,335,1447
DEC '18,53.8,45.41,2.27,2.2,0.1,0.17,2.94,3.83,149804,FANG,DEC '18,27.551695616211745,0.39943309519638237,0.3151387430219771,-198.9005971197753,1.209,21595.687,7429.425,13699.287,83.39319,0,4464.338,14166.262,633.056,419.883,306.66,412.789,-1684.085
DEC '18,53.8,45.41,2.27,2.2,0.1,0.17,2.94,3.83,149804,GPRE,DEC '18,-18.839230291744258,1.3175116177610118,0.4860163181368763,-22.607076350093113,-1.611,2337.7,1274.711,946.819,23.03585,218.52,298.11,1062.989,567.378,661.7659999999998,53.718,-45.421,657.932
DEC '18,53.8,45.41,2.27,2.2,0.1,0.17,2.94,3.83,149804,PTEN,DEC '18,782.8205128205128,1.8604452759132364,0.31927815844193413,1635.7443551473407,0.039,5843.125,2337.702,3505.423,16.41005,0,1119.205,3505.423,795.937,835.994,-201.249,241.924,-151.952
DEC '18,53.8,45.41,2.27,2.2,0.1,0.17,2.94,3.83,149804,VNOM,DEC '18,19.717717717717715,3.133973301564027,0.3330525560166914,12.2062062062062,1.665,1654.064,417.022,541.102,10.47552,1,411,1237.042,72.759,25.878000000000004,-0.688,68.079,-104.289
DEC '18,53.8,45.41,2.27,2.2,0.1,0.17,2.94,3.83,149804,WFRD,DEC '18,-234.89208633093523,-0.006122257055625146,-2.178941625750136,,-0.139,6601,10267,-3705,-5333.00051,383,7605,-3666,1429,1558,-2103,105,163
SEP '18,82.72,73.25,1.95,3.4,0.2,0.19,3.008,3.77,149361,APA,SEP '18,62.01639344262295,1.8963118914244896,0.9169461211714733,-124.29556821339261,0.61,21870,12924,7612,19.94925,150,8053,8946,1976,1408,81,1006,-926
SEP '18,82.72,73.25,1.95,3.4,0.2,0.19,3.008,3.77,149361,BKR,SEP '18,141.32075471698113,1.1229550299239779,0.19946393895468095,486.23920690757916,0.265,53600,17037,13740,33.34951,1000,6293,36563,5665,5908,13,240,-42
SEP '18,82.72,73.25,1.95,3.4,0.2,0.19,3.008,3.77,149361,CHRD,SEP '18,544.6376811594203,3.413521104244102,0.7225436412946686,,0.069,7416.431,3772.348,3505.526,11.00916,0,2633.009,3644.083,674.629,567.312,62.341,229.985,-96.969
SEP '18,82.72,73.25,1.95,3.4,0.2,0.19,3.008,3.77,149361,CHX,SEP '18,101.21621621621622,3.0075248351683657,0.7126570338737095,1899.2925278219418,0.37,1983.356,1018.596,962.547,12.4521,0,687.543,964.76,316.468,340.82300000000004,25.263,34.093,-15.986
SEP '18,82.72,73.25,1.95,3.4,0.2,0.19,3.008,3.77,149361,EXE,SEP '18,-1628.2608695652175,-0.09300018984951974,-251.5897435897436,,-0.023,12659,12698,-162,-402.68735,432,9380,-39,2556,2357,-146,444,-489
SEP '18,82.72,73.25,1.95,3.4,0.2,0.19,3.008,3.77,149361,FANG,SEP '18,22.34590065828845,0.620975570248984,0.36274224520618614,-1985.0608418112934,1.671,9806.573,3376.776,5933.359,60.13119,0,2332.359,6429.797,538.029,284.423,157.054,387.363,-620.364
SEP '18,82.72,73.25,1.95,3.4,0.2,0.19,3.008,3.77,149361,GPRE,SEP '18,-118.15625,1.7422236967305085,1.3699921608069932,-1085.6998820754716,-0.32,2684.834,1670.699,898.913,21.70215,622.18,767.177,1014.135,780.191,827.365,-12.936,38.529,-139.445
SEP '18,82.72,73.25,1.95,3.4,0.2,0.19,3.008,3.77,149361,PTEN,SEP '18,-109.0,2.2065491999740883,0.2979693121447974,-526.8333333333334,-0.35,5819.942,2064.515,3755.427,17.28944,0,1119.002,3755.427,867.478,982.3080000000001,-75.042,188.511,-155.782
SEP '18,82.72,73.25,1.95,3.4,0.2,0.19,3.008,3.77,149361,VNOM,SEP '18,532.0588235294117,3.271682583489849,0.2346645716444741,-564.2298221614226,0.068,1568.977,301.21,571.217,11.05853,1,296.5,1267.767,74.386,25.066000000000003,2.346,64.202,-257.474
SEP '18,82.72,73.25,1.95,3.4,0.2,0.19,3.008,3.77,149361,WFRD,SEP '18,-389.03225806451616,-0.01615273144228958,-5.319628647214854,,-0.093,8838,10346,-1553,-2239.86885,396,7626,-1508,1444,1582,-199,-32,-27
JUN '18,79.44,74.15,1.82,4.2,0.1,0.09,2.924,3.93,148968,APA,JUN '18,94.81012658227849,2.249700765769306,0.9268482490272374,536.8122660010703,0.474,21910,12915,7640,19.97599,400,7937,8995,1936,1383,195,1113,-1024
JUN '18,79.44,74.15,1.82,4.2,0.1,0.09,2.924,3.93,148968,BKR,JUN '18,192.95652173913044,1.3239130071618983,0.20061384686422035,400.5309617918313,0.23,54090,17273,13811,33.52184,1067,6319,36817,5548,5936,-19,139,-28
JUN '18,79.44,74.15,1.82,4.2,0.1,0.09,2.924,3.93,148968,CHRD,JUN '18,-165.96363636363634,4.223583401428282,0.7714849908414378,,-0.275,7465.335,3891.084,3436.143,10.80599,0,2757.481,3574.251,501.337,390.06000000000006,-320.204,303.657,-344.166
JUN '18,79.44,74.15,1.82,4.2,0.1,0.09,2.924,3.93,148968,CHX,JUN '18,121.22015915119364,3.784365684001325,0.7560831957995913,2295.606763925731,0.377,1980.266,1044.738,933.475,12.076,4.15,703.187,935.528,305.85,333.513,22.154,51.148,-16.23
JUN '18,79.44,74.15,1.82,4.2,0.1,0.09,2.924,3.93,148968,FANG,JUN '18,20.04780530204259,0.8078424285217938,0.3271658705153808,-863.6383494590431,2.301,8954.395,2941.928,5631.449,57.10272,0,1967.074,6012.467,526.273,258.553,219.146,424.926,-613.663
JUN '18,79.44,74.15,1.82,4.2,0.1,0.09,2.924,3.93,148968,GPRE,JUN '18,-591.3157894736842,2.0206398423055614,1.248981547815908,-863.0821371610843,-0.076,2585.773,1548.66,921.53,22.24048,527.224,768.111,1037.113,976.023,1013.003,-0.994,86.95,-10.15
JUN '18,79.44,74.15,1.82,4.2,0.1,0.09,2.924,3.93,148968,PTEN,JUN '18,-593.7662337662338,2.590048367963617,0.2883557338675822,-278.09304619431197,-0.077,5953.99,2073.651,3880.339,17.65218,0,1118.918,3880.339,854.418,905.463,-10.713,150.27,-160.391
JUN '18,79.44,74.15,1.82,4.2,0.1,0.09,2.924,3.93,148968,VNOM,JUN '18,20.223586146427007,4.933114749189667,0.36437322614601086,136.0807406801953,2.281,1316.355,353.057,387.797,9.35109,1,350,963.298,74.42,22.69,99.404,63,-102.621
JUN '18,79.44,74.15,1.82,4.2,0.1,0.09,2.924,3.93,148968,WFRD,JUN '18,-283.0817610062893,-0.02289462740868291,-6.043445121951219,,-0.159,8979,10291,-1359,-1965.96342,295,7634,-1312,1448,1646,-264,-130,-14
MAR '18,70.27,64.94,1.51,2,0,0.22,2.733,4.03,148280,APA,MAR '18,137.78523489932888,2.0915674581444548,0.939903033036419,323.79530201342277,0.298,21791,12922,7502,19.63121,400,7936,8869,1733,1319,145,615,-890
MAR '18,70.27,64.94,1.51,2,0,0.22,2.733,4.03,148280,BKR,MAR '18,122.63313609467455,1.2098791521914138,0.19614122588266178,98.42922765493616,0.338,55221,17126,14252,34.25962,1176,6296,38095,5399,5906,70,294,-134
MAR '18,70.27,64.94,1.51,2,0,0.22,2.733,4.03,148280,CHRD,MAR '18,443.48314606741576,3.3416585531050247,0.6938817207123334,,0.089,7638.93,3752.772,3748.532,11.8115,0,2696.534,3886.158,473.812,388.674,0.59,228.359,-812.568
MAR '18,70.27,64.94,1.51,2,0,0.22,2.733,4.03,148280,CHX,MAR '18,216.46408839779005,1.829206802146867,0.0,-2840.0088397790028,0.181,1930.149,268.707,1656.551,21.41912,0,0,1661.442,283.126,308.989,24.052,7.565,-12.593
MAR '18,70.27,64.94,1.51,2,0,0.22,2.733,4.03,148280,EXE,MAR '18,10265.0,-0.09861977470113117,-96.6701030927835,,0.004,12086,12183,-220,-416.34652,52,9325,-97,2641,2516,17,588,21
MAR '18,70.27,64.94,1.51,2,0,0.22,2.733,4.03,148280,FANG,MAR '18,24.418746195982955,0.7303298790113532,0.29674943184017527,791.3667134534878,1.643,8224.888,2489.706,5417.083,54.93408,0,1701.912,5735.182,480.195,228.34399999999997,162.812,339.427,-584.931
MAR '18,70.27,64.94,1.51,2,0,0.22,2.733,4.03,148280,GPRE,MAR '18,-65.78333333333333,1.7573166616059033,1.3106593877441717,248.5850961538461,-0.6,2659.869,1614.293,929.32,22.46038,602.61,767.784,1045.576,1035.89,1067.2389999999998,-24.117,-41.091,-0.872
MAR '18,70.27,64.94,1.51,2,0,0.22,2.733,4.03,148280,PTEN,MAR '18,-241.89349112426035,2.3021349373191957,0.28436252157494357,398.9120730821135,-0.169,6015.724,2081.183,3934.541,17.75743,0,1118.836,3934.541,809.164,866.62,-34.417,149.965,-116.427
MAR '18,70.27,64.94,1.51,2,0,0.22,2.733,4.03,148280,VNOM,MAR '18,109.32432432432434,5.193061197241323,0.2722491840979421,1003.5412335412329,0.37,1130.049,242.994,887.055,7.78924,1,240.5,887.055,62.393,21.450999999999997,42.896,49.212,-149.869
MAR '18,70.27,64.94,1.51,2,0,0.22,2.733,4.03,148280,WFRD,MAR '18,-218.49462365591398,-0.02979277810596181,-8.67706013363029,,-0.186,9334,10232,-942,-1364.08897,153,7639,-898,1423,1655,-245,-185,0
DEC '17,66.87,60.42,1.3,2.9,0.2,0.15,2.953,4.17,147521,APA,DEC '17,106.25,1.7902210268009187,0.9650779206006143,642.8125000000005,0.328,21922,13131,7416,19.46687,550,7934,8791,1640,1263,456,668,-793
DEC '17,66.87,60.42,1.3,2.9,0.2,0.15,2.953,4.17,147521,BKR,DEC '17,-148.06153846153845,1.4223325722139706,0.21736526946107784,263.8532544378698,-0.325,56500,18090,14277,33.83175,2037,6312,38410,5799,6516,31,-214,-244
DEC '17,66.87,60.42,1.3,2.9,0.2,0.15,2.953,4.17,147521,CHRD,DEC '17,334.6153846153846,2.7761667678478403,0.5969998113035171,,0.104,6838.2,3324.621,3375.691,12.53527,0,2097.606,3513.579,404.469,343.901,124.617,209.139,-271.805
DEC '17,66.87,60.42,1.3,2.9,0.2,0.15,2.953,4.17,147521,EXE,DEC '17,-42.08937198067633,-0.07289169555265909,-26.809139784946236,,-0.828,12425,12797,-496,-478.10659,52,9921,-372,2569,2268,332,472,-586
DEC '17,66.87,60.42,1.3,2.9,0.2,0.15,2.953,4.17,147521,FANG,DEC '17,24.228791773778923,0.7042827114099778,0.2646751360732331,423.15866563041817,1.556,7872.202,2290.465,5254.86,53.52964,0,1477.347,5581.737,399.194,196.67600000000002,114.559,250.607,-367.557
DEC '17,66.87,60.42,1.3,2.9,0.2,0.15,2.953,4.17,147521,GPRE,DEC '17,-89.07657657657657,1.7246033085348023,1.2854808069974015,-104.33278582449852,-0.444,2906.892,1847.756,942.182,22.93281,594.103,767.396,1059.136,892.405,947.4159999999999,46.63,-45.534,-18.245
DEC '17,66.87,60.42,1.3,2.9,0.2,0.15,2.953,4.17,147521,PTEN,DEC '17,-359.3333333333333,2.1075445402419235,0.2176483423825227,-2238.923076923076,-0.105,5758.856,1776.363,3982.493,17.90235,0,866.783,3982.493,787.334,848.484,195.402,169.446,-283.723
DEC '17,66.87,60.42,1.3,2.9,0.2,0.15,2.953,4.17,147521,VNOM,DEC '17,70.0511073253833,5.123961998943307,0.10340209298966635,385.91791853802056,0.587,1013.037,99.129,913.908,8.02504,1,93.5,913.908,49.969,17.633,42.07,44.662,-42.946
DEC '17,66.87,60.42,1.3,2.9,0.2,0.15,2.953,4.17,147521,WFRD,DEC '17,-42.64940239043825,-0.047094527746755065,-13.46584938704028,,-1.004,9747,10318,-626,-909.23515,148,7541,-571,1490,1878,-1938,96,339
SEP '17,57.54,51.67,1.15,3.2,0.5,0.12,3.007,4.33,146999,APA,SEP '17,1302.5,2.2646549199465134,1.012653694640086,-104.00190114068442,0.032,21835,13458,7011,18.40457,550,7933,8377,1389,1413,63,554,-94
SEP '17,57.54,51.67,1.15,3.2,0.5,0.12,3.007,4.33,146999,BKR,SEP '17,118.31908831908832,1.1861755848334044,0.12217296004782305,469.0506715506714,0.351,54810,14662,14985,35.01168,1866,3039,40148,5301,5939,-134,-196,-3749
SEP '17,57.54,51.67,1.15,3.2,0.5,0.12,3.007,4.33,146999,CHRD,SEP '17,-3765.833333333333,3.64435189971621,0.7652450676688534,,-0.012,6391.212,3332.567,2942.682,12.40001,0,2340.613,3058.645,304.748,294.746,-41.214,88.876,-183.814
SEP '17,57.54,51.67,1.15,3.2,0.5,0.12,3.007,4.33,146999,EXE,SEP '17,521.0,-0.07187252641811108,-14.061079545454545,,0.08,11981,12685,-957,-579.91561,0,9899,-704,2005,1875,-18,331,-379
SEP '17,57.54,51.67,1.15,3.2,0.5,0.12,3.007,4.33,146999,FANG,SEP '17,34.390977443609025,0.9166422676294818,0.2249123408131185,154.82238563441572,1.33,7287.568,1701.445,4898.5,49.89951,0,1256.388,5586.123,301.253,170.502,73.024,243.587,-543.249
SEP '17,57.54,51.67,1.15,3.2,0.5,0.12,3.007,4.33,146999,GPRE,SEP '17,58.08803301237964,1.9359686284145916,1.2758102628862777,0.27529873465582766,0.727,2628.537,1614.144,897.911,21.81337,464.25,829.923,1014.393,900.562,909.0699999999999,34.394,-101.042,-11.674
SEP '17,57.54,51.67,1.15,3.2,0.5,0.12,3.007,4.33,146999,PTEN,SEP '17,-282.7857142857143,2.354029648049081,0.2066950313397354,529.0829493087558,-0.14,5472.975,1879.773,3593.202,16.81797,0,742.697,3593.202,684.989,744.8980000000001,-33.769,115.88,-140.906
SEP '17,57.54,51.67,1.15,3.2,0.5,0.12,3.007,4.33,146999,VNOM,SEP '17,31.020092735703244,5.024100411916155,0.04011606181170729,97.7345387563253,1.294,948.217,38.357,909.86,7.98949,1,35.5,909.86,42.211,16.834,26.607,32.61,-178.454
SEP '17,57.54,51.67,1.15,3.2,0.5,0.12,3.007,4.33,146999,WFRD,SEP '17,-187.68888888888887,0.02187175053919329,5.723265895953757,,-0.225,12013,10629,1328,1930.8011,391,7530,1384,1460,1753,-256,-243,-86
JUN '17,47.92,46.04,1.04,3.1,0.1,0.13,3.035,4.37,146588,APA,JUN '17,-212.85024154589374,2.432771631431233,1.025892316999395,-inf,-0.207,22602,14337,6899,18.11103,150,8329,8265,1346,1349,572,751,-436
JUN '17,47.92,46.04,1.04,3.1,0.1,0.13,3.035,4.37,146588,BKR,JUN '17,176.71378091872793,1.731068579184186,0.2429159602809397,-88.35689045936397,0.283,18675,6288,12307,28.88967,331,2678,12387,3015,3398,0,-43,-63
JUN '17,47.92,46.04,1.04,3.1,0.1,0.13,3.035,4.37,146588,CHRD,JUN '17,-798.5,3.819952734961776,0.7924755088812839,,-0.06,6261.721,3284.111,2977.61,12.54204,0,2359.683,2977.61,254.091,268.138,16.568,102.062,-154.375
JUN '17,47.92,46.04,1.04,3.1,0.1,0.13,3.035,4.37,146588,EXE,JUN '17,419.61904761904765,-0.07647093341729978,-14.404970760233919,,0.105,11920,12604,-938,-576.16663,3,9850,-684,2074,1908,486,-157,-603
JUN '17,47.92,46.04,1.04,3.1,0.1,0.13,3.035,4.37,146588,FANG,JUN '17,36.83573050719152,0.9911422517260967,0.21780392946081795,123.13286593570021,1.321,6783.809,1496.875,4817.624,49.09487,0,1151.515,5286.934,269.434,149.018,158.405,218.922,-395.997
JUN '17,47.92,46.04,1.04,3.1,0.1,0.13,3.035,4.37,146588,GPRE,JUN '17,-120.09708737864078,2.3475938112340997,1.0912785188608702,121.46182700794351,-0.412,2396.623,1405.656,874.369,21.0769,347.641,733.78,990.967,881.901,918.2600000000001,-16.366,43.266,-77.186
JUN '17,47.92,46.04,1.04,3.1,0.1,0.13,3.035,4.37,146588,PTEN,JUN '17,-201.6867469879518,2.9612891927096388,0.1972495462024881,486.9997061416397,-0.249,5404.056,1786.253,3617.803,16.95883,0,713.61,3617.803,579.186,693.5129999999999,-92.184,9.828,-543.408
JUN '17,47.92,46.04,1.04,3.1,0.1,0.13,3.035,4.37,146588,VNOM,JUN '17,48.417910447761194,6.913670056249937,0.11989832621936598,1188.9286898839116,1.005,771.28,83.197,688.083,7.03823,1,81.5,688.083,35.933,15.697000000000001,22.149,35.382,-114.1
JUN '17,47.92,46.04,1.04,3.1,0.1,0.13,3.035,4.37,146588,WFRD,JUN '17,-318.5350318471337,0.02330518321021904,5.045931758530184,,-0.157,12052,10528,1467,2145.87457,152,7538,1524,1363,1713,-171,-62,-36
MAR '17,52.83,50.6,0.79,1.4,0,-0.04,3.19,4.57,145976,APA,MAR '17,584.1463414634146,2.854003708417345,1.083599642081043,-506.0121174460153,0.082,22610,14787,6385,16.78344,150,8327,7823,1512,1303,213,455,-93
MAR '17,52.83,50.6,0.79,1.4,0,-0.04,3.19,4.57,145976,BKR,MAR '17,291.77914110429447,1.624613787013679,0.240458927575492,-655.6834631557178,0.163,18676,6125,12471,29.27465,134,2884,12551,3064,3362,0,-346,-67
MAR '17,52.83,50.6,0.79,1.4,0,-0.04,3.19,4.57,145976,CHRD,MAR '17,-773.0769230769231,4.040136038013459,0.7807344842040255,,-0.065,6189.628,3236.154,2953.474,12.4377,0,2305.879,2953.474,285.116,265.877,23.825,107.799,-104.766
MAR '17,52.83,50.6,0.79,1.4,0,-0.04,3.19,4.57,145976,EXE,MAR '17,-176.10294117647058,-0.06930004423484033,-7.916874480465503,,-0.272,11699,12902,-1459,-691.19725,15,9509,-1203,2421,2188,139,99,380
MAR '17,52.83,50.6,0.79,1.4,0,-0.04,3.19,4.57,145976,FANG,MAR '17,46.427203065134094,1.022439024390244,0.1925604734031103,80.50960069098397,1.044,6369.7,1250.342,4651.867,47.40625,0,985.786,5119.358,235.23,132.564,136.273,175.009,-1825.479
MAR '17,52.83,50.6,0.79,1.4,0,-0.04,3.19,4.57,145976,GPRE,MAR '17,-542.1111111111111,2.215212000192509,1.1612286803579004,1072.3076923076924,-0.09,2421.146,1452.497,851.612,22.02498,341.866,782.957,968.649,880.38,906.84,-3.597,-60.151,-21.375
MAR '17,52.83,50.6,0.79,1.4,0,-0.04,3.19,4.57,145976,PTEN,MAR '17,-114.77434679334917,3.019611225054774,0.22487299975315683,358.25992534781125,-0.421,4178.619,1517.01,2661.609,16.00206,0,598.524,2661.609,305.175,424.41399999999993,-63.539,5.557,-42.579
MAR '17,52.83,50.6,0.79,1.4,0,-0.04,3.19,4.57,145976,VNOM,MAR '17,173.72759856630822,6.8372957768730975,0.0014456758389979733,1106.0657108721618,0.279,692.59,0.872,691.718,7.08906,1,0,691.718,32.05,14.344,20.652,26.065,-8.579
MAR '17,52.83,50.6,0.79,1.4,0,-0.04,3.19,4.57,145976,WFRD,MAR '17,-151.055900621118,0.020317061953680823,4.458308693081017,,-0.322,12162,10471,1635,2394.04694,240,7299,1691,1386,1775,-448,-179,-279
DEC '16,56.82,53.72,0.54,2.1,0.3,0.12,3.724,4.77,145410,APA,DEC '16,-897.9661016949152,3.210685315871924,1.1126448756348484,-871.9380987472364,-0.059,22519,14840,6238,16.50115,0,8544,7679,1455,1433,-182,796,-298
DEC '16,56.82,53.72,0.54,2.1,0.3,0.12,3.724,4.77,145410,BKR,DEC '16,,,0.018646920228879166,,,21721,6866,14688,,239,38,14855,3516,3607,0,457,-126
DEC '16,56.82,53.72,0.54,2.1,0.3,0.12,3.724,4.77,145410,CHRD,DEC '16,-623.9772727272727,4.439604082074865,0.7858674713674291,,-0.088,6178.632,3255.475,2923.157,12.36822,0,2297.214,2923.157,217.991,225.49200000000002,-54.688,104.599,-858.657
DEC '16,56.82,53.72,0.54,2.1,0.3,0.12,3.724,4.77,145410,EXE,DEC '16,-173.70491803278688,-0.07338319087233887,-8.67913549459684,,-0.305,13028,14231,-1460,-721.9637,503,9938,-1203,2465,2334,-342,-254,-81
DEC '16,56.82,53.72,0.54,2.1,0.3,0.12,3.724,4.77,145410,FANG,DEC '16,61.59822419533851,1.353087269740507,0.2752194215850914,451.7203107658161,0.901,5349.68,1331.388,3697.462,41.01731,0,1105.912,4018.292,185.012,108.14099999999999,25.598,105.734,-328.202
DEC '16,56.82,53.72,0.54,2.1,0.3,0.12,3.724,4.77,145410,GPRE,DEC '16,121.1276595744681,2.5322333782430757,1.1324573040397634,-82.46989588048892,0.47,2625.476,1646.285,862.507,22.48213,326.282,782.61,979.191,946.432,920.691,18.682,28.285,-283.064
DEC '16,56.82,53.72,0.54,2.1,0.3,0.12,3.724,4.77,145410,PTEN,DEC '16,-97.46575342465755,3.7495693462824784,0.266122921265571,507.00935194942025,-0.584,3804.606,1555.882,2248.724,15.18041,0,598.437,2248.724,246.887,381.685,-78.122,52.328,-35.783
DEC '16,56.82,53.72,0.54,2.1,0.3,0.12,3.724,4.77,145410,VNOM,DEC '16,292.10526315789474,8.893845939358393,0.22175660433146316,947.7192982456137,0.19,670.549,122.651,547.898,6.24027,1,120.5,547.898,27.923,12.113,16.254,22.073,-67.935
DEC '16,56.82,53.72,0.54,2.1,0.3,0.12,3.724,4.77,145410,WFRD,DEC '16,-134.37209302325581,0.019572754280251917,3.6663442940038684,,-0.43,12664,10596,2012,2952.06281,179,7403,2068,1406,1821,-549,136,-33
SEP '16,49.06,48.24,0.4,3.5,0.3,0.13,2.906,4.9,144961,APA,SEP '16,-1735.0,3.2564405907812,1.0972449364699963,1181.452380952381,-0.032,23149,15200,6469,17.04929,1,8721,7949,1439,1486,-574,651,-396
SEP '16,49.06,48.24,0.4,3.5,0.3,0.13,2.906,4.9,144961,BKR,SEP '16,,1.3349941736649658,0.22829946362468836,,,19491,6254,13159,31.10875,127,2895,13237,3024,3244,0,-3673,-257
SEP '16,49.06,48.24,0.4,3.5,0.3,0.13,2.906,4.9,144961,CHRD,SEP '16,-330.1724137931035,4.359843000118388,0.8902908644341538,,-0.174,5398.261,3010.757,2387.504,13.17708,0,2125.573,2387.504,177.311,210.844,-33.942,32.018,-96.758
SEP '16,49.06,48.24,0.4,3.5,0.3,0.13,2.906,4.9,144961,EXE,SEP '16,1586.2857142857142,-0.05094463249801968,-10.38412017167382,,0.035,12523,13455,-1191,-1089.81059,656,9022,-932,2143,2321,-1155,376,-480
SEP '16,49.06,48.24,0.4,3.5,0.3,0.13,2.906,4.9,144961,FANG,SEP '16,106.58627087198515,1.7833534432690281,0.17557714452993425,176.21549304966388,0.539,3525.68,690.385,2514.869,32.21459,0,497.813,2835.295,142.131,98.97800000000001,-2.23,104.565,-801.664
SEP '16,49.06,48.24,0.4,3.5,0.3,0.13,2.906,4.9,144961,GPRE,SEP '16,297.4,2.683194083620201,0.9564730166259469,844.6159999999994,0.2,2176.958,1211.419,849.833,22.16761,242.33,681.182,965.539,814.948,805.1699999999998,7.928,50.942,-240.515
SEP '16,49.06,48.24,0.4,3.5,0.3,0.13,2.906,4.9,144961,PTEN,SEP '16,-104.22297297297298,3.9321904276336754,0.26390608770780927,1129.3980343980352,-0.592,3908.873,1584.747,2324.126,15.691,0,613.351,2324.126,206.133,350.27200000000005,-84.143,70.779,-22.488
SEP '16,49.06,48.24,0.4,3.5,0.3,0.13,2.906,4.9,144961,VNOM,SEP '16,478.75000000000006,9.186532176048816,0.10107835120265027,1146.7732558139535,0.12,605.369,56.29,549.079,6.25372,1,54.5,549.079,19.992,10.556000000000001,10.202,16.553,-126.467
SEP '16,49.06,48.24,0.4,3.5,0.3,0.13,2.906,4.9,144961,WFRD,SEP '16,-72.27923627684964,0.016191173443145898,3.1439362148552243,,-0.838,12635,10252,2324,3740.92713,555,6937,2383,1356,1921,-1780,-106,-48
JUN '16,49.68,48.33,0.38,1.4,0.3,0.1,2.924,4.93,144152,APA,JUN '16,-187.94007490636702,2.6653862047938706,1.0027598896044159,-13249.775280898855,-0.267,24346,15650,7142,18.82654,1,8719,8696,1386,1415,-244,744,-411
JUN '16,49.68,48.33,0.38,1.4,0.3,0.1,2.924,4.93,144152,BKR,JUN '16,,1.5414066961961683,0.2166690534154375,,,20319,6353,13883,32.44439,139,2887,13966,2408,3655,-911,3577,-150
JUN '16,49.68,48.33,0.38,1.4,0.3,0.1,2.924,4.93,144152,CHRD,JUN '16,-424.0163934426229,3.953659714706727,0.9012885773538302,,-0.122,5435.539,3075.184,2360.355,13.08408,0,2127.361,2360.355,179.08,213.46900000000002,-89.931,137.452,-85.058
JUN '16,49.68,48.33,0.38,1.4,0.3,0.1,2.924,4.93,144152,EXE,JUN '16,-165.6105610561056,-0.06341150484106654,42.1353711790393,,-0.303,13487,13258,-32,-791.33905,1028,8621,229,2097,2317,-1776,95,174
JUN '16,49.68,48.33,0.38,1.4,0.3,0.1,2.924,4.93,144152,FANG,JUN '16,190.61068702290075,1.8275374098078816,0.22614371851206833,184.90378022580788,0.262,2840.355,653.803,1959.464,27.32639,0,494.475,2186.552,112.483,88.441,-155.49,49.021,-73.219
JUN '16,49.68,48.33,0.38,1.4,0.3,0.1,2.924,4.93,144152,GPRE,JUN '16,237.47619047619048,2.424114568700097,0.7857977030282176,50.742775742775756,0.21,1898.905,968.985,786.994,20.57246,252.24,478.489,929.92,891.47,891.806,8.191,85.423,-30.448
JUN '16,49.68,48.33,0.38,1.4,0.3,0.1,2.924,4.93,144152,PTEN,JUN '16,-89.3793103448276,3.188660571879877,0.34427499031988107,1926.2782401902502,-0.58,4211.471,1809.641,2401.83,16.25761,85.721,741.169,2401.83,193.907,340.14799999999997,-85.02,68.194,-23.283
JUN '16,49.68,48.33,0.38,1.4,0.3,0.1,2.924,4.93,144152,VNOM,JUN '16,-10046.0,9.322430253448351,0.12218906954769099,-20387.470588235305,-0.005,482.577,52.915,429.662,5.38808,1,51.5,429.662,16.836,10.492,-14.02,14.115,-9.237
JUN '16,49.68,48.33,0.38,1.4,0.3,0.1,2.924,4.93,144152,WFRD,JUN '16,-182.8975265017668,0.007798980024199439,1.7274898495342728,,-0.283,14112,9925,4123,6636.7653,290,6943,4187,1402,1807,-565,-139,-42
MAR '16,39.6,38.34,0.36,1.1,0.3,0.14,1.959,4.9,143666,APA,MAR '16,-65.96871239470518,10.28301745224268,2.4532920652785593,78.45406601571649,-0.831,17679,14125,2018,5.33112,1,8718,3554,1087,1427,-372,239,-555
MAR '16,39.6,38.34,0.36,1.1,0.3,0.14,1.959,4.9,143666,BKR,MAR '16,,1.3595648934959856,0.26275808336579665,,,22936,7534,15319,34.98178,162,3885,15402,2670,3174,-981,-99,61
MAR '16,39.6,38.34,0.36,1.1,0.3,0.14,1.959,4.9,143666,CHRD,MAR '16,-278.7165775401069,3.8503476541838175,0.9007911394346947,,-0.187,5560.268,3115.819,2444.449,13.53644,0,2201.938,2444.449,130.283,215.54899999999998,-64.455,-46.051,-30.355
MAR '16,39.6,38.34,0.36,1.1,0.3,0.14,1.959,4.9,143666,EXE,MAR '16,-326.3095238095238,-0.10855570437354933,6.641629535327817,,-0.168,15357,13786,1311,-504.99419,343,10091,1571,1703,2036,-1068,-421,-273
MAR '16,39.6,38.34,0.36,1.1,0.3,0.14,1.959,4.9,143666,FANG,MAR '16,2369.545454545455,1.7731310610180895,0.20780032656470362,-632.5935828877006,0.022,2942.959,605.903,2107.912,29.39997,0,485.641,2337.056,87.481,97.247,-32.912,72.76,-107.157
MAR '16,39.6,38.34,0.36,1.1,0.3,0.14,1.959,4.9,143666,GPRE,MAR '16,-86.0952380952381,2.7129820995200262,0.8236759293714282,74.73702726473176,-0.63,1919.412,989.59,769.069,19.99276,281.868,484.004,929.822,748.353,789.175,-24.138,-81.663,-18.571
MAR '16,39.6,38.34,0.36,1.1,0.3,0.14,1.959,4.9,143666,PTEN,MAR '16,-117.93617021276596,3.276787128841639,0.3380337757011298,-759.5650962512666,-0.47,4398.17,1908.688,2489.482,16.91596,76.97,764.559,2489.482,268.939,383.515,-69.822,113.733,-16.201
MAR '16,39.6,38.34,0.36,1.1,0.3,0.14,1.959,4.9,143666,VNOM,MAR '16,-643.5802469135803,9.142277905606376,0.09678753376565098,-625.1922398589066,-0.081,498.514,43.91,454.604,5.70208,1,43,454.604,14.086,13.036000000000001,-23.335,15.886,-2.082
MAR '16,39.6,38.34,0.36,1.1,0.3,0.14,1.959,4.9,143666,WFRD,MAR '16,-172.55102040816325,0.006856926123361705,1.5149173642412535,,-0.294,14516,9857,4591,7398.35884,1212,5846,4659,1585,2157,-498,-205,-14
DEC '15,37.28,37.04,0.24,1.4,-0.1,0.07,2.337,5.03,143083,APA,DEC '15,-599.8412698412699,1.8110941136326169,0.91854583772392,-738.8473071848387,-0.063,25500,16010,7888,20.86584,1,8716,9490,1254,3605,-4642,174,-263
DEC '15,37.28,37.04,0.24,1.4,-0.1,0.07,2.337,5.03,143083,BKR,DEC '15,-175.91549295774647,1.0046871996093867,0.24667317787815896,,-0.213,24080,7698,16298,37.29519,151,3890,16382,3394,3654,-1031,531,-192
DEC '15,37.28,37.04,0.24,1.4,-0.1,0.07,2.337,5.03,143083,CHRD,DEC '15,1102.857142857143,2.3145941155342244,0.9927746748862392,,0.035,5649.375,3330.033,2319.342,16.67679,0,2302.584,2319.342,182.067,235.208,3.968,79.478,-28.79
DEC '15,37.28,37.04,0.24,1.4,-0.1,0.07,2.337,5.03,143083,EXE,DEC '15,-180.37383177570095,-0.1385584962741764,4.4726741760534,,-0.214,17314,14917,2138,-278.5827,381,10340,2397,2365,2779,-2185,-329,-598
DEC '15,37.28,37.04,0.24,1.4,-0.1,0.07,2.337,5.03,143083,FANG,DEC '15,302.1774193548387,1.3341802962898608,0.23494847966285012,-266.803475422427,0.124,2758.412,649.439,1875.972,28.08466,0,495.5,2108.973,114.323,85.09400000000001,-187.409,76.897,-107.186
DEC '15,37.28,37.04,0.24,1.4,-0.1,0.07,2.337,5.03,143083,GPRE,DEC '15,-392.55555555555554,1.6778627078035098,0.6920093564665678,125.71510560146923,-0.09,1985.377,1026.468,797.83,21.05655,231.435,432.139,958.909,740.59,755.4699999999999,-3.589,36.209,-135.428
DEC '15,37.28,37.04,0.24,1.4,-0.1,0.07,2.337,5.03,143083,PTEN,DEC '15,-99.60880195599023,2.3409999069116387,0.33383688690660496,-769.5583247890208,-0.409,4533.317,1972.186,2561.131,17.40282,63.75,791.25,2561.131,338.566,433.87199999999996,-58.072,193.398,-130.662
DEC '15,37.28,37.04,0.24,1.4,-0.1,0.07,2.337,5.03,143083,VNOM,DEC '15,363.7864077669903,6.033262647389853,0.07169631460746773,-839.5070948469008,0.103,529.731,34.587,495.144,6.21057,1,34.5,495.144,19.918,12.709,4.937,17.859,-11.687
DEC '15,37.28,37.04,0.24,1.4,-0.1,0.07,2.337,5.03,143083,WFRD,DEC '15,-50.85080147965475,0.005175266485878529,1.7092783505154638,,-0.811,14787,10422,4304,7968.67178,1582,5879,4365,2012,2814,-1208,323,-125
SEP '15,48.37,45.09,0.14,2,-0.2,0.14,2.524,5.1,142265,APA,SEP '15,-566.3218390804599,1.89876686133491,0.7331272970263949,-1862.9007864488808,-0.087,27812,15840,9809,25.94842,0,8777,11972,1606,1818,-4126,711,-927
SEP '15,48.37,45.09,0.14,2,-0.2,0.14,2.524,5.1,142265,BKR,SEP '15,-215.43778801843317,1.17072765168561,0.23147672093687519,,-0.217,25416,7911,17414,39.93243,156,3896,17505,3786,3907,-159,428,-300
SEP '15,48.37,45.09,0.14,2,-0.2,0.14,2.524,5.1,142265,CHRD,SEP '15,656.1842105263157,3.003918285230685,1.0305341197723126,,0.076,5725.108,3415.626,2309.482,16.60165,0,2380,2309.482,197.235,222.935,27.055,50.451,-75.858
SEP '15,48.37,45.09,0.14,2,-0.2,0.14,2.524,5.1,142265,EXE,SEP '15,-531.0752688172043,0.13429867405143506,2.5508139023317202,,-0.093,21286,16740,4282,367.76238,893,10703,4546,3149,3331,-4652,318,-536
SEP '15,48.37,45.09,0.14,2,-0.2,0.14,2.524,5.1,142265,FANG,SEP '15,124.0547263681592,1.616484446158783,0.21356323043865627,314.0750612019268,0.402,2991.554,701.834,2056.411,30.8509,0,489,2289.72,111.946,91.54199999999999,-156.781,139.818,-107.899
SEP '15,48.37,45.09,0.14,2,-0.2,0.14,2.524,5.1,142265,GPRE,SEP '15,299.625,2.2429339859706676,0.6668386206612505,199.75,0.16,1880.869,909.679,809.882,21.37379,204.231,443.396,971.19,748.379,764.9459999999999,6.179,-39.154,-15.774
SEP '15,48.37,45.09,0.14,2,-0.2,0.14,2.524,5.1,142265,PTEN,SEP '15,45970.0,2.5715065660961653,0.3287602091447027,113592.53623188409,0.001,4678.166,2047.069,2631.097,17.87668,50,815,2631.097,422.251,514.249,-223.619,165.378,-139.395
SEP '15,48.37,45.09,0.14,2,-0.2,0.14,2.524,5.1,142265,VNOM,SEP '15,623.375,7.870337491813238,0.059384773744012034,8727.250000000004,0.08,536.284,31.104,505.18,6.33645,1,29,505.18,18.777,13.641,6.355,15.8,-32.297
SEP '15,48.37,45.09,0.14,2,-0.2,0.14,2.524,5.1,142265,WFRD,SEP '15,-518.1609195402299,0.004283671524449,1.3388946819603753,,-0.087,16799,11045,5684,10523.68272,1684,6020,5754,2237,2613,-170,134,-143
JUN '15,63.59,59.47,0.13,3.9,0.3,0.12,2.832,5.43,141695,APA,JUN '15,100.64794816414687,1.1331869106698547,0.5449732469726838,280.594279730349,0.463,35312,17557,15544,41.12296,0,9676,17755,1991,1793,-980,1132,4391
JUN '15,63.59,59.47,0.13,3.9,0.3,0.12,2.832,5.43,141695,BKR,JUN '15,-156.2908011869436,1.2972775398080958,0.22717311906501095,,-0.337,26018,8221,17697,40.60041,139,3904,17797,3968,4230,-188,581,-176
JUN '15,63.59,59.47,0.13,3.9,0.3,0.12,2.832,5.43,141695,CHRD,JUN '15,115.39440203562341,2.771596604656649,1.034286487255658,,0.393,5783.932,3507,2276.932,16.36241,0,2355,2276.932,230.046,216.04200000000003,-53.23,141.525,-123.818
JUN '15,63.59,59.47,0.13,3.9,0.3,0.12,2.832,5.43,141695,EXE,JUN '15,279.4968553459119,0.02500407821354436,1.1298447720394416,,0.159,28598,18355,8958,1777.31007,889,10684,10243,3076,3145,-4108,314,-1040
JUN '15,63.59,59.47,0.13,3.9,0.3,0.12,2.832,5.43,141695,FANG,JUN '15,108.39024390243902,1.4077622693735996,0.32001868409921647,-799.9200000000002,0.41,3171.458,927.839,2010.088,31.56783,0,718,2243.619,119.063,94.741,-212.287,100.643,-526.41
JUN '15,63.59,59.47,0.13,3.9,0.3,0.12,2.832,5.43,141695,GPRE,JUN '15,244.57894736842104,2.1924878863510906,0.8082563090534963,-289.7095864661654,0.19,1726.228,919.015,807.213,21.1951,208.88,443.555,807.213,746.642,723.365,7.792,61.011,-17.333
JUN '15,63.59,59.47,0.13,3.9,0.3,0.12,2.832,5.43,141695,PTEN,JUN '15,-378.8,2.4302203416884667,0.3042176950445116,-1493.240579710145,-0.125,5049.528,2181.516,2868.012,19.48383,42.5,830,2868.012,472.761,515.639,-18.777,235.676,-217.266
JUN '15,63.59,59.47,0.13,3.9,0.3,0.12,2.832,5.43,141695,VNOM,JUN '15,444.4,6.875138268560475,0.0019406736078092708,-1135.6888888888889,0.1,516.39,1.105,515.285,6.46387,1,0,515.285,19.619,12.780000000000001,8.045,15.62,-0.008
JUN '15,63.59,59.47,0.13,3.9,0.3,0.12,2.832,5.43,141695,WFRD,JUN '15,-430.1818181818182,0.004119736000143268,1.252441171762446,,-0.11,17634,11387,6172,11486.1729,1556,6268,6247,2390,2859,-489,291,-170
MAR '15,55.11,47.6,0.11,-0.2,0.3,0.15,2.64,5.53,140925,APA,MAR '15,-145.91928251121075,1.1564664654045402,0.524375133518479,272.16919465257183,-0.446,48650,25245,21211,56.27487,2598,9675,23405,1806,1983,-4651,650,-2118
MAR '15,55.11,47.6,0.11,-0.2,0.3,0.15,2.64,5.53,140925,BKR,MAR '15,-137.28915662650604,1.6684688668394925,0.22637190866968124,,-0.498,26926,9013,17812,40.97769,149,3906,17913,4594,5044,-589,256,-237
MAR '15,55.11,47.6,0.11,-0.2,0.3,0.15,2.64,5.53,140925,CHRD,MAR '15,282.9411764705883,4.033639619996885,1.017534726330486,,0.238,5916.937,3592.692,2324.245,16.6946,0,2365,2324.245,180.387,230.94500000000002,-18.041,88.361,-250.682
MAR '15,55.11,47.6,0.11,-0.2,0.3,0.15,2.64,5.53,140925,EXE,MAR '15,962.0,0.02230515879866985,0.8027551659361303,,0.07,34373,20000,13078,3019.03253,885,10653,14373,2599,2830,-3739,423,-1472
MAR '15,55.11,47.6,0.11,-0.2,0.3,0.15,2.64,5.53,140925,FANG,MAR '15,176.282722513089,2.1101502173761815,0.28895539227891864,-3133.0247501189865,0.382,3092.481,975.964,1883.101,31.91242,0,611.579,2116.517,101.401,99.805,5.849,99.143,-153.555
MAR '15,55.11,47.6,0.11,-0.2,0.3,0.15,2.64,5.53,140925,GPRE,MAR '15,-742.1111111111112,3.1954751421314236,0.8827790798682248,-69.31807081807084,-0.09,1750.655,957.486,793.169,20.90143,301.57,398.623,793.169,725.654,751.716,-3.318,-47.84,-14.666
MAR '15,55.11,47.6,0.11,-0.2,0.3,0.15,2.64,5.53,140925,PTEN,MAR '15,584.1880341880341,3.4533387495427545,0.303601332809851,-56.28389698157138,0.117,5230.907,2332.369,2898.538,19.79244,35,845,2898.538,657.699,641.309,9.039,404.985,-235.639
MAR '15,55.11,47.6,0.11,-0.2,0.3,0.15,2.64,5.53,140925,VNOM,MAR '15,1084.6666666666667,9.948225813108484,0.001917747796987218,1766.4571428571433,0.06,522.146,0.701,521.445,6.54187,1,0,521.445,16.545,13.332999999999998,5.082,14.553,0.085
MAR '15,55.11,47.6,0.11,-0.2,0.3,0.15,2.64,5.53,140925,WFRD,MAR '15,-1614.2857142857142,0.005572792228402924,1.187026371627766,,-0.042,18223,11625,6529,12166.25297,1554,6278,6598,2794,3146,-118,-42,-221
DEC '14,57.33,53.27,0.12,2.2,-0.3,0.07,2.889,5.7,140366,APA,DEC '14,73.21995464852607,0.9374517338647398,0.39965170416177986,-40.99667579063183,0.882,55952,27815,25937,68.88888,0,11245,28137,2648,2180,-3742,1933,-1937
DEC '14,57.33,53.27,0.12,2.2,-0.3,0.07,2.889,5.7,140366,CHRD,DEC '14,1059.84375,3.6714200812551354,1.4420758200738022,,0.064,5938.412,4066.111,1872.301,18.47514,0,2700,1872.301,299.672,236.02800000000002,176.504,199.024,-370.338
DEC '14,57.33,53.27,0.12,2.2,-0.3,0.07,2.889,5.7,140366,EXE,DEC '14,1474.5652173913043,0.016253763640083924,0.6352650370777259,,0.046,40751,22546,16903,4173.1873,381,11184,18205,4001,3990,629,829,3392
DEC '14,57.33,53.27,0.12,2.2,-0.3,0.07,2.889,5.7,140366,FANG,DEC '14,139.14583333333334,2.1699014301401554,0.3392583062875369,-464.93038922155694,0.48,3095.481,1110.268,1751.011,30.7802,0,673.5,1985.213,131.583,99.964,98.674,104.894,-192.916
DEC '14,57.33,53.27,0.12,2.2,-0.3,0.07,2.889,5.7,140366,GPRE,DEC '14,62.90654205607476,3.1744489635761344,0.843679031511733,-65.203880863708,1.07,1828.557,1031.108,797.449,21.20368,273.351,399.44,797.449,829.939,779.732,42.237,10.195,-6.993
DEC '14,57.33,53.27,0.12,2.2,-0.3,0.07,2.889,5.7,140366,PTEN,DEC '14,157.89838337182448,3.445646526156323,0.3391481204896397,-167.7246776159938,0.433,5394.011,2488.201,2905.81,19.84243,12.5,973,2905.81,901.219,905.4691,57.583,162.393,-444.117
DEC '14,57.33,53.27,0.12,2.2,-0.3,0.07,2.889,5.7,140366,VNOM,DEC '14,477.07142857142856,9.944419050284903,0.0018679333745523965,-915.6693548387098,0.14,537.402,2.051,535.351,6.71633,1,0,535.351,21.898,11.575,10.803,22.68,-0.001
DEC '14,57.33,53.27,0.12,2.2,-0.3,0.07,2.889,5.7,140366,WFRD,DEC '14,-666.4356435643564,0.005191405973632927,1.0699559220816153,,-0.101,18889,11856,6958,12965.65908,727,6798,7033,3727,4150,-475,584,580
SEP '14,94.67,91.16,0.09,5,0,0.13,4.121,6.07,139564,APA,SEP '14,59.02973395931142,0.9224207921276324,0.3311101679500394,-130.29848771879907,1.278,60990,28004,30818,81.7848,20,10902,32986,3468,2262,-1330,1896,-3154
SEP '14,94.67,91.16,0.09,5,0,0.13,4.121,6.07,139564,CHRD,SEP '14,135.17304189435336,4.449355529947561,1.5087980677917765,,0.549,5457.475,3767.388,1690.087,16.67882,0,2550,1690.087,368.659,222.49099999999999,121.587,187.238,-395.062
SEP '14,94.67,91.16,0.09,5,0,0.13,4.121,6.07,139564,EXE,SEP '14,-279.85185185185185,0.018903934704648677,0.6591798536668368,,-0.27,40518,22887,16320,3997.05147,0,11622,17631,5139,4512,662,1162,-1158
SEP '14,94.67,91.16,0.09,5,0,0.13,4.121,6.07,139564,FANG,SEP '14,120.66666666666666,2.5468836282503995,0.3128569352958831,-1261.8870056497192,0.615,2820.555,934.709,1651.528,29.13757,0,590,1885.846,139.127,82.10600000000001,43.739,92.289,-765.436
SEP '14,94.67,91.16,0.09,5,0,0.13,4.121,6.07,139564,GPRE,SEP '14,73.04854368932038,3.659137972456281,0.7959914397843136,8738.432038834982,1.03,1703.58,930.235,773.345,20.56222,161.944,453.632,773.345,837.978,717.649,41.749,34.11,-15.49
SEP '14,94.67,91.16,0.09,5,0,0.13,4.121,6.07,139564,PTEN,SEP '14,161.25827814569536,3.7404281138872033,0.23955572031082792,2591.2537108928964,0.453,4968.349,2108.889,2859.46,19.52985,10,675,2859.46,845.628,758.0029999999999,15.816,206.154,-278.245
SEP '14,94.67,91.16,0.09,5,0,0.13,4.121,6.07,139564,VNOM,SEP '14,530.0714285714284,10.881933731795012,0.001839862083938188,-1743.1195054945044,0.14,545.308,1.789,543.519,6.81956,1,0,543.519,22.767,12.257000000000001,10.869,15.569,-91.539
SEP '14,94.67,91.16,0.09,5,0,0.13,4.121,6.07,139564,WFRD,SEP '14,232.29559748427673,0.0050416146730105135,1.0978342986653236,,0.318,20727,12785,7863,14652.05193,1715,7004,7942,3877,3889,77,350,372
JUN '14,112.36,105.37,0.1,4.6,0.1,0.11,4.461,6.2,138833,APA,JUN '14,68.62299465240642,1.198293115148895,0.27728419121861747,-436.74014426066407,1.496,61171,26279,32755,85.67186,1,9674,34892,3708,2166,505,2339,-1764
JUN '14,112.36,105.37,0.1,4.6,0.1,0.11,4.461,6.2,138833,CHRD,JUN '14,138.41225626740948,6.427312131438468,1.470565669069017,,0.718,5036.979,3472.955,1564.024,15.46214,0,2300,1564.024,372.378,195.68900000000002,38.833,277.987,-346.953
JUN '14,112.36,105.37,0.1,4.6,0.1,0.11,4.461,6.2,138833,EXE,JUN '14,276.10497237569064,0.025243204638542783,0.6318690313778991,,0.362,41127,22802,16202,3959.48143,0,11579,18325,5365,4580,191,1352,-781
JUN '14,112.36,105.37,0.1,4.6,0.1,0.11,4.461,6.2,138833,FANG,JUN '14,142.17453505007154,4.528889328400073,0.39605952710811865,-1432.199360430866,0.699,2047.394,795.057,1114.901,21.94357,0,496,1252.337,127.004,67.746,27.753,88.24,-124.461
JUN '14,112.36,105.37,0.1,4.6,0.1,0.11,4.461,6.2,138833,GPRE,JUN '14,123.5609756097561,5.380509619015099,0.8930709137843776,-2694.166489925774,0.82,1625.891,918.525,707.366,18.83093,169.815,461.913,707.366,967.655,830.917,32.314,100.147,-41.347
JUN '14,112.36,105.37,0.1,4.6,0.1,0.11,4.461,6.2,138833,PTEN,JUN '14,288.2022471910112,5.2657591700424495,0.24144460786586144,619.2453689644699,0.356,4908.367,2060.923,2847.444,19.48437,10,677.5,2847.444,757.276,691.891,53.724,180.682,-309.265
JUN '14,112.36,105.37,0.1,4.6,0.1,0.11,4.461,6.2,138833,VNOM,JUN '14,9857.0,17.200672182096433,0.002290053610155014,,0.01,450.692,14.021,436.671,5.73059,1,0,436.671,17.249,,4.109,7.521,1.603
JUN '14,112.36,105.37,0.1,4.6,0.1,0.11,4.461,6.2,138833,WFRD,JUN '14,432.97071129707115,0.00695256707793952,1.170807453416149,,0.239,21813,13763,7977,14883.71113,2404,7021,8050,3711,3814,-145,435,-348
MAR '14,107.76,101.58,0.08,-2.9,0.2,0.15,4.371,6.67,137987,APA,MAR '14,49.48285553681844,1.037954125564033,0.27498081132558205,2271.969967076216,1.779,61121,25944,33082,84.81107,0,9673,35177,3647,2155,753,2293,-1949
MAR '14,107.76,101.58,0.08,-2.9,0.2,0.15,4.371,6.67,137987,CHRD,MAR '14,138.47133757961782,5.788530907333581,1.4868597128123886,,0.628,4792.084,3272.102,1519.982,15.02281,0,2260,1519.982,349.519,194.78700000000003,169.953,208.267,34.901
MAR '14,107.76,101.58,0.08,-2.9,0.2,0.15,4.371,6.67,137987,EXE,MAR '14,151.0499139414802,0.02191615653665751,0.703523299236889,,0.581,42605,24128,16341,4004.35176,316,12683,18477,5565,4352,417,1291,-999
MAR '14,107.76,101.58,0.08,-2.9,0.2,0.15,4.371,6.67,137987,FANG,MAR '14,192.87912087912088,4.108785431602722,0.5420584739807315,839.3255494505494,0.455,1936.897,853.988,1082.909,21.35911,0,587,1082.909,98.004,54.498000000000005,23.589,71.466,-399.184
MAR '14,107.76,101.58,0.08,-2.9,0.2,0.15,4.371,6.67,137987,GPRE,MAR '14,84.45192307692307,5.514957509145549,1.07846721454565,272.95431678026625,1.04,1512.369,916.617,595.752,15.92578,263.068,379.431,595.752,822.035,681.5249999999999,43.203,77.098,-14.765
MAR '14,107.76,101.58,0.08,-2.9,0.2,0.15,4.371,6.67,137987,PTEN,MAR '14,379.13793103448273,4.562560137768982,0.24734108335394508,1147.0122217372325,0.232,4812.895,2023.225,2789.67,19.27865,10,680,2789.67,678.168,639.809,34.469,179.497,-163.782
MAR '14,107.76,101.58,0.08,-2.9,0.2,0.15,4.371,6.67,137987,WFRD,MAR '14,681.860465116279,0.005908625278445645,1.170743946807176,,0.129,21830,13859,7927,14886.71152,2293,7039,7971,3596,3884,-41,-406,-274
DEC '13,110.8,98.42,0.09,2.6,0.3,0.11,4.23,6.93,137367,APA,DEC '13,83.98340248962656,0.9594495111026415,0.2747718475404741,-765.6062701705855,0.964,61637,26244,33396,84.38172,53,9672,35393,3598,2202,174,2477,166
DEC '13,110.8,98.42,0.09,2.6,0.3,0.11,4.23,6.93,137367,CHRD,DEC '13,157.06994328922494,6.204533812431769,1.8802208892669086,,0.529,4711.924,3363.375,1348.549,13.39182,0,2535.57,1348.549,333.615,209.372,54.49,125.743,-683.53
DEC '13,110.8,98.42,0.09,2.6,0.3,0.11,4.23,6.93,137367,EXE,DEC '13,324.4715447154471,0.020496278165277635,0.7120727673649394,,0.246,41782,23642,15995,3894.36557,0,12917,18140,4560,4121,-112,1053,-920
DEC '13,110.8,98.42,0.09,2.6,0.3,0.11,4.23,6.93,137367,FANG,DEC '13,211.23115577889445,4.6836515657390905,0.5440303900106559,594.6301714049696,0.398,1521.614,676.073,845.541,17.94967,0,460,845.541,75.908,42.005,20.124,64.13,-109.968
DEC '13,110.8,98.42,0.09,2.6,0.3,0.11,4.23,6.93,137367,GPRE,DEC '13,118.58006042296071,4.390802694666378,1.3480667744857506,141.68448480336565,0.662,1532.045,986.687,545.358,17.87828,254.433,480.746,545.358,753.772,671.9240000000001,25.461,-13.76,-116.539
DEC '13,110.8,98.42,0.09,2.6,0.3,0.11,4.23,6.93,137367,PTEN,DEC '13,293.8235294117647,4.182151756849111,0.2512702299748512,3836.9896193771683,0.272,4687.127,1931.13,2755.997,19.10978,10,682.5,2755.997,658.772,644.9240000000001,16.392,232.171,-177.073
DEC '13,110.8,98.42,0.09,2.6,0.3,0.11,4.23,6.93,137367,WFRD,DEC '13,1510.7272727272727,0.005413727577485799,1.0638790686334267,,0.055,21977,13774,8162,15348.02016,1666,7061,8203,3738,4380,-271,662,47
SEP '13,108.37,102.33,0.08,4.1,0,0.12,3.56,7.23,136819,APA,SEP '13,34.02073732718894,1.0849662428411395,0.33125132652133044,-204.59693420378906,2.604,60239,27258,32981,81.65231,57,10868,32981,4286,2526,435,1978,1030
SEP '13,108.37,102.33,0.08,4.1,0,0.12,3.56,7.23,136819,CHRD,SEP '13,108.79458794587947,8.491759776804487,2.418335078770092,,0.813,4083.383,3107.505,975.878,10.41598,0,2360,975.878,305.498,144.485,54.499,178.874,-1355.255
SEP '13,108.37,102.33,0.08,4.1,0,0.12,3.56,7.23,136819,EXE,SEP '13,205.69767441860466,0.022399615698061953,0.7045454545454546,,0.43,42288,23940,16196,3948.72846,0,12927,18348,5373,4473,199,1356,-472
SEP '13,108.37,102.33,0.08,4.1,0,0.12,3.56,7.23,136819,FANG,SEP '13,256.6761363636364,5.162417599872924,0.547100753641222,1317.8595658073261,0.352,1465.896,642.958,822.938,17.50149,0.145,450.085,822.938,57.791,30.488999999999997,14.596,41.849,-691.497
SEP '13,108.37,102.33,0.08,4.1,0,0.12,3.56,7.23,136819,GPRE,SEP '13,324.46428571428567,5.256768704491485,1.2397214091974806,338.7788865546218,0.28,1383.132,861.076,522.056,17.28248,159.278,487.926,522.056,757.939,759.879,9.41,51.312,-9.989
SEP '13,108.37,102.33,0.08,4.1,0,0.12,3.56,7.23,136819,PTEN,SEP '13,402.5560538116592,4.71940639677501,0.25329142180310693,-1998.40326713645,0.223,4677.522,1933.647,2743.875,19.02146,10,685,2743.875,730.907,627.1540000000001,73.612,273.357,-146.997
SEP '13,108.37,102.33,0.08,4.1,0,0.12,3.56,7.23,136819,WFRD,SEP '13,394.5414847161572,0.006161670038969933,1.0832070854212796,,0.229,22937,14356,8540,14663.23244,2230,7065,8581,3820,4001,22,326,-361
